reason_ru,reason_en,title,date,venue,zone,score,sources,rubric,url
"Кембриджшир, дальше часа: в «Главное» только от 8",Cambridgeshire beyond an hour: The weekend only from 8,Trance Central Peterborough The 1st Birthday with Lange!,"сб, 10 октября, 17:00",Velvet Panache,"Кембриджшир, дальше часа",3.5,S129,Главное на выходные 10–11 октября,https://www.skiddle.com/whats-on/Peterborough/Velvet-Panache/Trance-Central-Peterborough-The-1st-Birthday-with-Lange/42434986/
"Кембриджшир, дальше часа: в «Главное» только от 8",Cambridgeshire beyond an hour: The weekend only from 8,Finlay Christie,"вс, 4 октября",Key Theatre,"Кембриджшир, дальше часа",3.4,S128,Главное на выходные 3–4 октября,https://www.ents24.com/peterborough-events/key-theatre/finlay-christie/7497339
"Кембриджшир, дальше часа: в «Главное» только от 8",Cambridgeshire beyond an hour: The weekend only from 8,T.Rextasy,"вс, 4 октября",Key Theatre,"Кембриджшир, дальше часа",2.9,S128,Главное на выходные 3–4 октября,https://www.ents24.com/peterborough-events/key-theatre/trextasy/7493653
"Кембриджшир, дальше часа: в «Главное» только от 8",Cambridgeshire beyond an hour: The weekend only from 8,R&B Bottomless Brunch at Old Station Quarter ft DJ Nick,"сб, 3 октября, 15:00",Old Station Quarter,"Кембриджшир, дальше часа",2.8,S129,Главное на выходные 3–4 октября,https://www.skiddle.com/whats-on/Peterborough/Old-Station-Quarter/RB-Bottomless-Brunch-at-Old-Station-Quarter-ft-DJ-Nick/42708491/
"Кембриджшир, дальше часа: в «Главное» только от 8",Cambridgeshire beyond an hour: The weekend only from 8,Phoenix Cambridgeshire Elements Series Air,"вс, 4 октября","Peterborough, Cambridgeshire","Кембриджшир, дальше часа",2.8,S152,Главное на выходные 3–4 октября,https://findarace.com/events/phoenix-cambridgeshire-elements-series/4th-october-2026
"Кембриджшир, дальше часа: в «Главное» только от 8",Cambridgeshire beyond an hour: The weekend only from 8,Oktoberfest - Buzz Bingo Peterborough,"сб, 10 октября, 19:00",Buzz Bingo Peterborough,"Кембриджшир, дальше часа",2.6,S129,Главное на выходные 10–11 октября,https://www.skiddle.com/whats-on/Peterborough/Buzz-Bingo-Peterborough/Oktoberfest---Buzz-Bingo-Peterborough/42750058/
"Кембриджшир, дальше часа: в «Главное» только от 8",Cambridgeshire beyond an hour: The weekend only from 8,"A Just Transition: Jobs, People, Planet","сб, 10 октября",St Peter’s Church Hall,"Кембриджшир, дальше часа",2.5,S128,Главное на выходные 10–11 октября,https://www.ents24.com/wisbech-events/st-peters-church-hall/a-just-transition-jobs-people-planet/7535334
"Кембриджшир, дальше часа: в «Главное» только от 8",Cambridgeshire beyond an hour: The weekend only from 8,Dis-Obey - The Sound of Disney - in a club night!,"сб, 10 октября, 21:00",The Met Lounge,"Кембриджшир, дальше часа",2.3,S129,Главное на выходные 10–11 октября,https://www.skiddle.com/whats-on/Peterborough/The-Met-Lounge/Dis-Obey---The-Sound-of-Disney---in-a-club-night/42286689/
в данных нет содержательного факта для описания,no substantive fact in the data for a description,CHRISTMAS LIGHTS SWITCH ON,"вс, 29 ноября, 15:00",Wisbech Market Place,"Кембриджшир, дальше часа",5.0,S108,Новые анонсы,https://www.wisbechtowncouncil.gov.uk/local-events?month=2026-11#item-638854-2084850
в полном списке программ (лимит строк в письме),in the full list of programmes (line limit of the issue),Adventure Camps — Multi-Activity Camp - Perform,21 декабря – 1 января 2027,Stephen Perse School,центр,,kids_collector,Каникулы: куда записать ребёнка,https://adventure-camps.co.uk/adventure-camps-this-holiday-season
в полном списке программ (лимит строк в письме),in the full list of programmes (line limit of the issue),Adventure Camps — Multi-Activity Camp - Survival,21 декабря – 1 января 2027,Stephen Perse School,центр,,kids_collector,Каникулы: куда записать ребёнка,https://adventure-camps.co.uk/adventure-camps-this-holiday-season
в полном списке программ (лимит строк в письме),in the full list of programmes (line limit of the issue),Adventure Camps — Young Leaders Programme,21 декабря – 1 января 2027,Stephen Perse School,центр,,kids_collector,Каникулы: куда записать ребёнка,https://adventure-camps.co.uk/adventure-camps-this-holiday-season
в полном списке программ (лимит строк в письме),in the full list of programmes (line limit of the issue),Adventure Camps — Multi-Activity Camp - Perform,21 декабря – 1 января 2027,Stephen Perse School,центр,,kids_collector,Каникулы: куда записать ребёнка,https://adventure-camps.co.uk/holiday-camps-update
в полном списке программ (лимит строк в письме),in the full list of programmes (line limit of the issue),Adventure Camps — Multi-Activity Camp - Survival,21 декабря – 1 января 2027,Stephen Perse School,центр,,kids_collector,Каникулы: куда записать ребёнка,https://adventure-camps.co.uk/holiday-camps-update
в полном списке программ (лимит строк в письме),in the full list of programmes (line limit of the issue),Adventure Camps — Young Leaders Programme,21 декабря – 1 января 2027,Stephen Perse School,центр,,kids_collector,Каникулы: куда записать ребёнка,https://adventure-camps.co.uk/holiday-camps-update
в полном списке программ (лимит строк в письме),in the full list of programmes (line limit of the issue),Barracudas — Roblox Game Development,в школьные каникулы,St Faiths School,центр,,kids_collector,Каникулы: куда записать ребёнка,http://barracudas.co.uk/camps/roblox-cambridge-st-faiths
в полном списке программ (лимит строк в письме),in the full list of programmes (line limit of the issue),Barracudas — Cambridge (St Faiths) school holiday camp,21 декабря – 1 января 2027,St Faith's School,центр,,kids_collector,Каникулы: куда записать ребёнка,https://www.barracudas.co.uk/camps/cambridge-st-faiths
в полном списке программ (лимит строк в письме),in the full list of programmes (line limit of the issue),Butterflies Forest School — Holiday Club,21 декабря – 1 января 2027,Wilburton,до 30 мин,,kids_collector,Каникулы: куда записать ребёнка,https://butterfliesforestschool.co.uk/sessions
в полном списке программ (лимит строк в письме),in the full list of programmes (line limit of the issue),The Little Gym Cambridge — Adventure Camp,26–30 октября,The Little Gym,центр,,kids_collector,Каникулы: куда записать ребёнка,https://cambridge.thelittlegym.co.uk/day-camps
в полном списке программ (лимит строк в письме),in the full list of programmes (line limit of the issue),The Little Gym Cambridge — Skill Thrill Camp,26–30 октября,The Little Gym,центр,,kids_collector,Каникулы: куда записать ребёнка,https://cambridge.thelittlegym.co.uk/day-camps
в полном списке программ (лимит строк в письме),in the full list of programmes (line limit of the issue),Cambridge LTC — October Half Term Tennis Camp - 11 to 16 years Junior Improvers,26–30 октября,Cambridge LTC,центр,,kids_collector,Каникулы: куда записать ребёнка,https://cambridgeltc.com/coaching/half-term-tennis-camp
в полном списке программ (лимит строк в письме),in the full list of programmes (line limit of the issue),Cambridgeshire Council - Holiday Activities and Food (HAF) Programme — Holiday Activities and Food Programme - Christmas 2026,21–31 декабря,,,,kids_collector,Каникулы: куда записать ребёнка,https://cambridgeshire.gov.uk/council/communities/support-with-the-cost-of-living/holiday-activities-and-food-programme
в полном списке программ (лимит строк в письме),in the full list of programmes (line limit of the issue),Cambridgeshire Council - Holiday Activities and Food (HAF) Programme — Holiday Activities and Food Programme - Christmas 2027,21 декабря – 1 января 2027,,,,kids_collector,Каникулы: куда записать ребёнка,https://cambridgeshire.gov.uk/council/communities/support-with-the-cost-of-living/holiday-activities-and-food-programme
в полном списке программ (лимит строк в письме),in the full list of programmes (line limit of the issue),Cambridgeshire Council - Holiday Activities and Food (HAF) Programme — Cambridgeshire Holiday Activities and Food (HAF) Programme - Christmas 2026,21–31 декабря,,,,kids_collector,Каникулы: куда записать ребёнка,https://www.cambridgeshire.gov.uk/residents/children-and-families/parenting-and-family-support/cambridgeshire-holiday-activities-and-food-haf-programme
в полном списке программ (лимит строк в письме),in the full list of programmes (line limit of the issue),Cambridgeshire Council - Holiday Activities and Food (HAF) Programme — Cambridgeshire Holiday Activities and Food (HAF) Programme - Christmas 2027,21 декабря – 1 января 2027,,,,kids_collector,Каникулы: куда записать ребёнка,https://www.cambridgeshire.gov.uk/residents/children-and-families/parenting-and-family-support/cambridgeshire-holiday-activities-and-food-haf-programme
в полном списке программ (лимит строк в письме),in the full list of programmes (line limit of the issue),University of Cambridge Holiday Playscheme — October Half Term Holiday Playscheme 2026,26–30 октября,Trumpington Meadows Primary School,до 30 мин,,kids_collector,Каникулы: куда записать ребёнка,https://www.childcare.admin.cam.ac.uk/university-holiday-playscheme
в полном списке программ (лимит строк в письме),in the full list of programmes (line limit of the issue),Churchill Summer Camps — October 2026 Camp,19–23 октября,Laxton Junior School,до часа,,kids_collector,Каникулы: куда записать ребёнка,https://www.churchillsummercamps.co.uk/camp-info
в полном списке программ (лимит строк в письме),in the full list of programmes (line limit of the issue),Churchill Summer Camps — October 2026 Camp,26–30 октября,Laxton Junior School,до часа,,kids_collector,Каникулы: куда записать ребёнка,https://www.churchillsummercamps.co.uk/camp-info
в полном списке программ (лимит строк в письме),in the full list of programmes (line limit of the issue),Churchill Summer Camps — Christmas 2026 Camp,14–18 декабря,Laxton Junior School,до часа,,kids_collector,Каникулы: куда записать ребёнка,https://www.churchillsummercamps.co.uk/camp-info
в полном списке программ (лимит строк в письме),in the full list of programmes (line limit of the issue),Churchill Summer Camps — Christmas 2026 Camp,21–23 декабря,Laxton Junior School,до часа,,kids_collector,Каникулы: куда записать ребёнка,https://www.churchillsummercamps.co.uk/camp-info
в полном списке программ (лимит строк в письме),in the full list of programmes (line limit of the issue),Churchill Summer Camps — October 2026 Camp,26–30 октября,The Peterborough School,"Кембриджшир, дальше часа",,kids_collector,Каникулы: куда записать ребёнка,https://www.churchillsummercamps.co.uk/camp-info
в полном списке программ (лимит строк в письме),in the full list of programmes (line limit of the issue),Come and Play Holiday Club — Come and Play Holiday Club,26–30 октября,Park Lane Primary and Nursery School,"Кембриджшир, дальше часа",,kids_collector,Каникулы: куда записать ребёнка,https://comeandplay-holidayclub.co.uk
в полном списке программ (лимит строк в письме),in the full list of programmes (line limit of the issue),Come and Play Holiday Club — Come and Play Holiday Club,21 декабря – 1 января 2027,Park Lane Primary and Nursery School,"Кембриджшир, дальше часа",,kids_collector,Каникулы: куда записать ребёнка,https://comeandplay-holidayclub.co.uk
в полном списке программ (лимит строк в письме),in the full list of programmes (line limit of the issue),Culford Sports and Tennis Centre — October Half Term Holiday Club,26–30 октября,Culford Sports and Tennis Centre,до часа,,kids_collector,Каникулы: куда записать ребёнка,https://culford.co.uk/commercial/sports-and-tennis-centre/holiday-clubs
в полном списке программ (лимит строк в письме),in the full list of programmes (line limit of the issue),Dramatic Moments — Five-Day Musical Theatre Workshop,21 декабря – 1 января 2027,,центр,,kids_collector,Каникулы: куда записать ребёнка,https://dramaticmoments.co.uk
в полном списке программ (лимит строк в письме),in the full list of programmes (line limit of the issue),HAF Peterborough — Christmas Holiday HAF,21 декабря – 1 января 2027,,до часа,,kids_collector,Каникулы: куда записать ребёнка,https://eequ.org/hafpeterborough
в полном списке программ (лимит строк в письме),in the full list of programmes (line limit of the issue),Elite Swimming Academy — Children's School Holiday Courses,21 декабря – 1 января 2027,"Multiple locations across Cambridge, Newmarket, St Neots, and Barrow",центр,,kids_collector,Каникулы: куда записать ребёнка,https://eliteswimmingacademy.co.uk
в полном списке программ (лимит строк в письме),in the full list of programmes (line limit of the issue),Gymfinity Kids — October Half Term Holiday Camp,26–30 октября,Gymfinity Kids,центр,,kids_collector,Каникулы: куда записать ребёнка,https://www.gymfinitykids.com/clubs/holiday-camps/cambridge-holiday-camps/
в полном списке программ (лимит строк в письме),in the full list of programmes (line limit of the issue),Gymfinity Kids — Christmas Holiday Camp,21 декабря – 1 января 2027,Gymfinity Kids,центр,,kids_collector,Каникулы: куда записать ребёнка,https://www.gymfinitykids.com/clubs/holiday-camps/cambridge-holiday-camps/
в полном списке программ (лимит строк в письме),in the full list of programmes (line limit of the issue),Haverhill Town Council — Winter Sports Camp,21 декабря – 1 января 2027,,до часа,,kids_collector,Каникулы: куда записать ребёнка,https://haverhill-tc.gov.uk/wp-content/uploads/WSC-HAF-timetable-Winter-2025.pdf
в полном списке программ (лимит строк в письме),in the full list of programmes (line limit of the issue),Kids Club Ely — Holiday Club,26–30 октября,Ely St. John's Community Room,до 30 мин,,kids_collector,Каникулы: куда записать ребёнка,https://www.kidsclubely.co.uk/
в полном списке программ (лимит строк в письме),in the full list of programmes (line limit of the issue),Kings Camps — Multi Active,в школьные каникулы,"Kings College School, Cambridge",центр,,kids_collector,Каникулы: куда записать ребёнка,https://kingscamps.org/venue/cambridge-kings-college-school
в полном списке программ (лимит строк в письме),in the full list of programmes (line limit of the issue),Kings Camps — Rookie Academy,в школьные каникулы,"Kings College School, Cambridge",центр,,kids_collector,Каникулы: куда записать ребёнка,https://kingscamps.org/venue/cambridge-kings-college-school
в полном списке программ (лимит строк в письме),in the full list of programmes (line limit of the issue),Milton Country Park / The Outdoor Project — The Outdoor Project Half-Term Sessions,26–29 октября,Milton Country Park,до 30 мин,,kids_collector,Каникулы: куда записать ребёнка,https://www.miltoncountrypark.org/event-details/the-outdoor-project-half-term-sessions-2026-10-26-08-45
в полном списке программ (лимит строк в письме),in the full list of programmes (line limit of the issue),Nene Park — Oak Adventurers Holiday Club,26–30 октября,Nene Outdoors Watersports & Activity Centre,"Кембриджшир, дальше часа",,kids_collector,Каникулы: куда записать ребёнка,https://www.nenepark.org.uk/things-to-do/holiday-clubs/
в полном списке программ (лимит строк в письме),in the full list of programmes (line limit of the issue),Newborough Kidz Club — Holiday Club,21 декабря – 1 января 2027,Newborough CofE Primary School,"Кембриджшир, дальше часа",,kids_collector,Каникулы: куда записать ребёнка,https://newboroughkidzclub.co.uk
в полном списке программ (лимит строк в письме),in the full list of programmes (line limit of the issue),Peterborough Council - Holiday Activities and Food (HAF) Programme — Holiday Activities and Food Programme - Christmas,21 декабря – 1 января 2027,,,,kids_collector,Каникулы: куда записать ребёнка,http://peterborough.gov.uk/haf
в полном списке программ (лимит строк в письме),in the full list of programmes (line limit of the issue),Premier Education — Multi-Activity Holiday Camp,21–23 декабря,St Christopher's CEVCP School,до часа,,kids_collector,Каникулы: куда записать ребёнка,https://premier-education.com/parents/venue/courses/16104-930709?back=1&school=Fringford%20C%20of%20E
в полном списке программ (лимит строк в письме),in the full list of programmes (line limit of the issue),Premier Education — Multi-Activity Holiday Camp,26 октября – 2 ноября,Isle of Ely Primary School,до 30 мин,,kids_collector,Каникулы: куда записать ребёнка,https://www.premier-education.com/parents/venue/courses/24179/
в полном списке программ (лимит строк в письме),in the full list of programmes (line limit of the issue),Premier Education — Multi-Activity Holiday Camp,26–30 октября,The Cass Centre,центр,,kids_collector,Каникулы: куда записать ребёнка,https://www.premier-education.com/parents/venue/courses/23078/
в полном списке программ (лимит строк в письме),in the full list of programmes (line limit of the issue),Premier Education — Multi-Activity Holiday Camp,21–23 декабря,The Cass Centre,центр,,kids_collector,Каникулы: куда записать ребёнка,https://www.premier-education.com/parents/venue/courses/23078/
в полном списке программ (лимит строк в письме),in the full list of programmes (line limit of the issue),Premier Education — Multi-Activity Holiday Camp,26–30 октября,The Cass Centre,центр,,kids_collector,Каникулы: куда записать ребёнка,https://www.premier-education.com/parents/venue/courses/23078/
в полном списке программ (лимит строк в письме),in the full list of programmes (line limit of the issue),Premier Education — Multi-Activity Holiday Camp,23 октября,St Christopher's CEVCP School,до часа,,kids_collector,Каникулы: куда записать ребёнка,https://premier-education.com/parents/venue/courses/16104-930709?back=1&school=Fringford%20C%20of%20E
в полном списке программ (лимит строк в письме),in the full list of programmes (line limit of the issue),Premier Education — Multi-Activity Holiday Camp,26–30 октября,St Christopher's CEVCP School,до часа,,kids_collector,Каникулы: куда записать ребёнка,https://premier-education.com/parents/venue/courses/16104-930709?back=1&school=Fringford%20C%20of%20E
в полном списке программ (лимит строк в письме),in the full list of programmes (line limit of the issue),South Cambridgeshire District Council — Netball,28 октября,Impington Sports Centre,до 30 мин,,kids_collector,Каникулы: куда записать ребёнка,https://www.scambs.gov.uk/health-and-wellbeing/childrens-holiday-camps
в полном списке программ (лимит строк в письме),in the full list of programmes (line limit of the issue),School's Out Activities — School's Out Activities - Bury St Edmunds,26–30 октября,Bury St Edmunds,до часа,,kids_collector,Каникулы: куда записать ребёнка,https://www.schoolsoutactivities.co.uk/venues/
в полном списке программ (лимит строк в письме),in the full list of programmes (line limit of the issue),School's Out Activities — School's Out Activities - Chelmsford,26–30 октября,Chelmsford King Edward VI Grammar School,до часа,,kids_collector,Каникулы: куда записать ребёнка,https://www.schoolsoutactivities.co.uk/venues/
в полном списке программ (лимит строк в письме),in the full list of programmes (line limit of the issue),University of Cambridge Sport — Children's Athletics Camp,29 октября,Wilberforce Road Athletics Track,центр,,kids_collector,Каникулы: куда записать ребёнка,https://www.sport.cam.ac.uk/childrens-athletic-camps
в полном списке программ (лимит строк в письме),in the full list of programmes (line limit of the issue),Stephen Perse — Stephen Perse Holiday Programme - Christmas,21 декабря – 1 января 2027,Stephen Perse,центр,,kids_collector,Каникулы: куда записать ребёнка,https://www.stephenperse.com/about-us/holiday-programme
в полном списке программ (лимит строк в письме),in the full list of programmes (line limit of the issue),TJ Kids — Holiday Clubs,в школьные каникулы,St Philips Primary School,центр,,kids_collector,Каникулы: куда записать ребёнка,https://tjkids.co.uk
в полном списке программ (лимит строк в письме),in the full list of programmes (line limit of the issue),TJ Kids — Department of Education HAF Holiday Scheme,в школьные каникулы,St Philips Primary School,центр,,kids_collector,Каникулы: куда записать ребёнка,https://tjkids.co.uk
в полном списке программ (лимит строк в письме),in the full list of programmes (line limit of the issue),TSA Sports — October Half Term 2026,26–30 октября,Queen Emma,центр,,kids_collector,Каникулы: куда записать ребёнка,https://tsasports.co.uk/courses
в полном списке программ (лимит строк в письме),in the full list of programmes (line limit of the issue),Wild @ Art Workshops — Halloween comic illustration workshop,27 октября,Queen Edith Community Primary School,центр,,kids_collector,Каникулы: куда записать ребёнка,https://wild-at-art-workshops.classforkids.io/camps
в полном списке программ (лимит строк в письме),in the full list of programmes (line limit of the issue),Wild @ Art Workshops — Halloween comic illustration workshop,28 октября,Milton COFE Primary School,центр,,kids_collector,Каникулы: куда записать ребёнка,https://wild-at-art-workshops.classforkids.io/camps
в полном списке программ (лимит строк в письме),in the full list of programmes (line limit of the issue),Wild @ Art Workshops — Halloween comic illustration workshop,29 октября,jeavons Wood,центр,,kids_collector,Каникулы: куда записать ребёнка,https://wild-at-art-workshops.classforkids.io/camps
вне зоны,вне зоны,Kick-Off Sports — October Half Term Holiday Camps - Multi Sports,26–30 октября,Yaxley Infant School / Monkshouse Primary Academy,out_of_zone,,kids_collector,Каникулы: куда записать ребёнка,https://www.kick-offsports.co.uk/holiday-clubs
вне зоны,вне зоны,Kick-Off Sports — Christmas Holiday Camps - Multi Sports,21 декабря – 1 января 2027,Yaxley Infant School / Monkshouse Primary Academy,out_of_zone,,kids_collector,Каникулы: куда записать ребёнка,https://www.kick-offsports.co.uk/holiday-clubs
вне зоны,вне зоны,School's Out Activities — School's Out Activities - Ipswich,26–30 октября,Ipswich High School,out_of_zone,,kids_collector,Каникулы: куда записать ребёнка,https://www.schoolsoutactivities.co.uk/venues/
вне зоны,вне зоны,School's Out Activities — School's Out Activities - Woodbridge,26–30 октября,Woodbridge Prep School,out_of_zone,,kids_collector,Каникулы: куда записать ребёнка,https://www.schoolsoutactivities.co.uk/venues/
вне зоны,вне зоны,School's Out Activities — School's Out Activities - Norwich,26–30 октября,Thorpe St Andrew School,out_of_zone,,kids_collector,Каникулы: куда записать ребёнка,https://www.schoolsoutactivities.co.uk/venues/
вне зоны,вне зоны,School's Out Activities — School's Out Activities - Colchester County,26–30 октября,Colchester County High School for Girls,out_of_zone,,kids_collector,Каникулы: куда записать ребёнка,https://www.schoolsoutactivities.co.uk/venues/
вне зоны,вне зоны,School's Out Activities — School's Out Activities - Shenfield,26–30 октября,Shenfield High School,out_of_zone,,kids_collector,Каникулы: куда записать ребёнка,https://www.schoolsoutactivities.co.uk/venues/
вне зоны,out of zone,Cut and Create (2026-03-03),,,,,,—,
вне зоны,out of zone,Walking Through Time (2026-09-12),,,,,,—,
вне зоны,out of zone,A Splann Night at the Ritz (2026-10-01),,,,,,—,
вне зоны,out of zone,Manet Too Tight to Mention Marathons & Half Marathon (2026-10-01),,,,,,—,
вне зоны,out of zone,The Other Woman (2026-10-02),,,,,,—,
вне зоны,out of zone,Tunde of Lighthouse Family Live in St Albans Cathedral (2026-10-02),,,,,,—,
вне зоны,out of zone,80's v 90's Live Party Night (2026-10-02),,,,,,—,
вне зоны,out of zone,All Out Events October Takeover x Cuffin Season (2026-10-02),,,,,,—,
вне зоны,out of zone,Caged Hard Techno: Junkie Kid (2026-10-02),,,,,,—,
вне зоны,out of zone,Nick Helm (2026-10-03),,,,,,—,
вне зоны,out of zone,Health & Healing: A Holistic Approach (2026-10-03),,,,,,—,
вне зоны,out of zone,Ibiza Anthems - 90's vs 00's - Cheltenham (2026-10-03),,,,,,—,
вне зоны,out of zone,RNB MANIA | Plymouth's R&B Festival (2026-10-03),,,,,,—,
вне зоны,out of zone,Big People Dance All White Edition (2026-10-03),,,,,,—,
вне зоны,out of zone,Legends of Motown live at Chipping Sodbury Town Hall (2026-10-03),,,,,,—,
вне зоны,out of zone,Live WRESTLING in Outwell (2026-10-03),,,,,,—,
вне зоны,out of zone,No Ice Cream Sound Presents Solo Banton - Plymouth (2026-10-03),,,,,,—,
вне зоны,out of zone,Lights Out Mettleworks (2026-10-03),,,,,,—,
вне зоны,out of zone,Bobby Davro at House of Stand Up (2026-10-03),,,,,,—,
вне зоны,out of zone,Funhouse Comedy Club - Comedy Night (2026-10-03),,,,,,—,
вне зоны,out of zone,A.M.C Grassroots Energy tour - Bassix Cheltenham (2026-10-03),,,,,,—,
вне зоны,out of zone,Pullup Recordings: Window Kid + Irah (2026-10-03),,,,,,—,
вне зоны,out of zone,ATW Welwyn Half Marathon & 10k (2026-10-04),,,,,,—,
вне зоны,out of zone,"GirlyPop Live - Zara Larsson Party | THE DEPO, Plymouth (2026-10-04)",,,,,,—,
вне зоны,out of zone,The Bedford Wedding Fair at The Swan Hotel and Thermal Spa (2026-10-04),,,,,,—,
вне зоны,out of zone,Sunday SOUL Sessions _October (2026-10-04),,,,,,—,
вне зоны,out of zone,Baga Chipz - Bagz to Riches (2026-10-07),,,,,,—,
вне зоны,out of zone,Oh! What a Night (2026-10-08),,,,,,—,
вне зоны,out of zone,Once In A Lifetime (2026-10-09),,,,,,—,
вне зоны,out of zone,Oktoberfest - Buzz Bingo Bristol Fishponds (2026-10-09),,,,,,—,
вне зоны,out of zone,Wrestling in Corby! (2026-10-09),,,,,,—,
вне зоны,out of zone,Death of Guitar Pop (2026-10-09),,,,,,—,
вне зоны,out of zone,Funhouse Comedy Club - Comedy Night (2026-10-09),,,,,,—,
вне зоны,out of zone,Swindon Dub Club #007 - REAL ROOTS SOUND SYSTEM (2026-10-09),,,,,,—,
вне зоны,out of zone,Depo pres: Badger (2026-10-09),,,,,,—,
вне зоны,out of zone,Epping Forest Half Marathon & 10K Wildwood Trail Series (2026-10-10),,,,,,—,
вне зоны,out of zone,Live Wrestling in Stamford (2026-10-10),,,,,,—,
вне зоны,out of zone,Garage Nation Sopers House (2026-10-10),,,,,,—,
вне зоны,out of zone,90's Baby Daytime Clubbing Kings Lynn (2026-10-10),,,,,,—,
вне зоны,out of zone,Dirty Dancing Bottomless Brunch - Stevenage (2026-10-10),,,,,,—,
вне зоны,out of zone,A tribute to Pitbull - Buzz Bingo Plymouth 10/10/2026 (2026-10-10),,,,,,—,
вне зоны,out of zone,COBO : Comedy Shutdown | Black History Month Special - Luton (2026-10-10),,,,,,—,
вне зоны,out of zone,ABBA Tribute Band Sensation (2026-10-10),,,,,,—,
вне зоны,out of zone,Comedy in Knebworth (2026-10-10),,,,,,—,
вне зоны,out of zone,Soul Night Out UK - Essex (2026-10-10),,,,,,—,
вне зоны,out of zone,Chelmsford Marathon & Half Marathon (2026-10-11),,,,,,—,
вне зоны,out of zone,Oktoberfest - Buzz Bingo Colchester (2026-10-11),,,,,,—,
вне зоны,out of zone,Oktoberfest - Buzz Bingo Plymouth Charles Cross (2026-10-11),,,,,,—,
"выбран моделью, убран проверкой ответа (см. «Для редактора»)","chosen by the model, removed by the answer check (see For the editor)",City of Birmingham Symphony Orchestra,"пт, 2 октября, 19:30",Saffron Hall,до 30 мин,6.5,S017,"На неделе: концерты, театр, комедия",https://www.saffronhall.com/whats-on/view/city-of-birmingham-symphony-orchestra-3
вытеснен более сильными,pushed out by stronger items,Ballads And Songs: Sam Carter Sings Nic Jones | Cambridge Junction,"вс, 4 октября, 19:30",Cambridge Junction,центр,4.8,"S001,S012,S151",Главное на выходные 3–4 октября,https://www.junction.co.uk/events/ballads-and-songs-sam-carter-sings-nic-jones/
вытеснен более сильными,pushed out by stronger items,Meadows Comedy Night,"пт, 2 октября",Meadows Community Centre,центр,4.7,S008,"На неделе: концерты, театр, комедия",https://www.eventbrite.com/e/meadows-comedy-night-tickets-1996206150332
вытеснен более сильными,pushed out by stronger items,TOM McRAE,"пн, 5 октября",Portland Arms,центр,4.7,S091,"На неделе: концерты, театр, комедия",https://www.cambridgelivetickets.co.uk/events/tom-mcrae
вытеснен более сильными,pushed out by stronger items,Jazz Sabbath | Cambridge Junction,"пт, 2 октября, 20:00",Cambridge Junction,центр,4.4,"S012,S151","На неделе: концерты, театр, комедия",https://www.junction.co.uk/events/jazz-sabbath/
вытеснен более сильными,pushed out by stronger items,Lime Garden | Cambridge Junction,"вт, 6 октября, 19:00",Cambridge Junction,центр,4.3,"S012,S151","На неделе: концерты, театр, комедия",https://www.junction.co.uk/events/lime-garden/
вытеснен более сильными,pushed out by stronger items,"Exhibition Tour: Sunil Gupta: Life with a Camera, 1970 – Today","чт, 1 октября, 13:00",Kettle's Yard,центр,4.1,"S001,S052","На неделе: концерты, театр, комедия",https://www.museums.cam.ac.uk/events/exhibition-tour-sunil-gupta-life-camera-1970-today
вытеснен более сильными,pushed out by stronger items,"Clothes, Cake and Coffee Charity Sale","сб, 3 октября, 10:00",The Thatch Barn,до 30 мин,4.0,"S116,S148",Главное на выходные 3–4 октября,https://www.eventbrite.co.uk/e/clothes-cake-and-coffee-tickets-1998348855220
вытеснен более сильными,pushed out by stronger items,Ely's Remembrance Sunday Parade,"вс, 8 ноября",Ely,до 30 мин,4.0,"S119,S148",Новые анонсы,https://counties.britishlegion.org.uk/branches/ely/remembrance/
вытеснен более сильными,pushed out by stronger items,The Big Retreat Cambridgeshire 2027,20–23 августа 2027,Abbots Ripton Estate,до часа,4.0,S003,Новые анонсы,https://www.cambridgeindependent.co.uk/whats-on/in-pictures-ruby-wax-gail-porter-mr-motivator-and-more-le-9483768/
вытеснен более сильными,pushed out by stronger items,Lunchtime Recital - English Piano Trio,"чт, 1 октября",Ely Cathedral,до 30 мин,3.9,"S071,S151","На неделе: концерты, театр, комедия",https://www.elycathedral.org/events/lunchtime-recital-english-piano-trio
вытеснен более сильными,pushed out by stronger items,Vittorio Angelone: you can’t Say Nothing anymore - extra date | Cambridge Junction,"пн, 5 октября, 19:30",Cambridge Junction,центр,3.8,S012,"На неделе: концерты, театр, комедия",https://www.junction.co.uk/events/vittorio-angelone-you-cant-say-nothing-anymore/
вытеснен более сильными,pushed out by stronger items,Zephyrus Final Show (fundraiser for the Red Cross) | Cambridge Junction,"пн, 5 октября, 18:00",Cambridge Junction,центр,3.5,"S012,S151","На неделе: концерты, театр, комедия",https://www.junction.co.uk/events/zephyrus-final-show-fundraiser-for-the-red-cross/
вытеснен более сильными,pushed out by stronger items,The Dirty Work | Cambridge Junction,7–8 октября,Cambridge Junction,центр,3.5,S012,"На неделе: концерты, театр, комедия",https://www.junction.co.uk/events/the-dirty-work-cambridge/
вытеснен более сильными,pushed out by stronger items,The Gruffalo at Nene Valley Railway,"вс, 25 октября",Nene Valley Railway,"Кембриджшир, дальше часа",3.5,S117,Новые анонсы,https://www.cambstimes.co.uk/news/26559624.gruffalo-peppa-pig-visit-nene-valley-railway/
вытеснен более сильными,pushed out by stronger items,Peppa Pig at Nene Valley Railway,"пн, 31 мая 2027",Nene Valley Railway,"Кембриджшир, дальше часа",3.5,S117,Новые анонсы,https://www.cambstimes.co.uk/news/26559624.gruffalo-peppa-pig-visit-nene-valley-railway/
вытеснен более сильными,pushed out by stronger items,Country in the Country,"пт, 28 мая 2027",Ely Rugby Club,до 30 мин,3.5,S117,Новые анонсы,https://www.cambstimes.co.uk/news/26576554.country-country-festival-return-ely-2027/
вытеснен более сильными,pushed out by stronger items,Radiohead X Nosferatu: A Symphony of Horror,"чт, 1 октября",Cambridge Arts Picturehouse,центр,3.3,S003,"На неделе: концерты, театр, комедия",https://www.cambridgeindependent.co.uk/whats-on/sense-and-sensibility-digger-and-jonathan-glazer-season-wh-9483579/
вытеснен более сильными,pushed out by stronger items,Kettle’s Yard Chamber Music: Quartetto Noûs,"чт, 8 октября, 20:00",Kettle’s Yard,центр,3.3,S150,"На неделе: концерты, театр, комедия",https://www.cmp.cam.ac.uk/events/event/item/kettles-yard-chamber-music-quartetto-nous/
вытеснен более сильными,pushed out by stronger items,Strictly Soulful : Nicky Blackmarket / Millz / RC Origins,"пт, 2 октября, 21:00",Queen's Head,"Кембриджшир, дальше часа",3.2,S129,"На неделе: концерты, театр, комедия",https://www.skiddle.com/whats-on/Peterborough/Queen%27s-Head/Strictly-Soulful--Nicky-Blackmarket--Millz--RC-Origins/42640538/
вытеснен более сильными,pushed out by stronger items,October Comedy Night,"пт, 9 октября",Comberton Sports & Arts,до 30 мин,3.2,S128,"На неделе: концерты, театр, комедия",https://www.ents24.com/cambridge-events/comberton-sports-and-arts/october-comedy-night/7498108
вытеснен более сильными,pushed out by stronger items,Live Music @ Hot Numbers Gwydir Street – Paul Clarvis & Liam Noble Duo,"чт, 1 октября, 18:00","Hot Numbers Coffee Gwydir Street, Cambridge, Cambridgeshire CB2 1LJ",центр,3.1,S001,"На неделе: концерты, театр, комедия",https://www.visitcambridge.org/event/live-music-hot-numbers-gwydir-street-paul-clarvis-liam-noble-duo/
вытеснен более сильными,pushed out by stronger items,Music at the Museum,"пт, 2 октября, 19:00",Royston Museum,до 30 мин,3.1,"S148,S153","На неделе: концерты, театр, комедия",https://www.roystonmuseum.org.uk/what-s-on
вытеснен более сильными,pushed out by stronger items,Science-COM: COMmunication + COMedy + COMpetition | Cambridge Junction,"пт, 9 октября, 20:00",Cambridge Junction,центр,3.1,S012,"На неделе: концерты, театр, комедия",https://www.junction.co.uk/events/science-com-communication-comedy-competition/
вытеснен более сильными,pushed out by stronger items,Eban Brown - Former Lead Singer of The Stylistics,"пт, 2 октября",The Bigg Theatre,до часа,3.0,S128,"На неделе: концерты, театр, комедия",https://www.ents24.com/biggleswade-events/the-bigg-theatre/eban-brown-former-lead-singer-of-the-stylistics/7519676
вытеснен более сильными,pushed out by stronger items,Cambridge Pentacle Magic Club Presents: Work In Progress | Cambridge Junction,"пт, 2 октября, 19:30",Cambridge Junction,центр,3.0,S012,"На неделе: концерты, театр, комедия",https://www.junction.co.uk/events/cambridge-pentacle-magic-club-presents-work-in-progress/
вытеснен более сильными,pushed out by stronger items,Open Mic Night @ The Boathouse,"ср, 7 октября, 19:45",The Boathouse,центр,3.0,"S148,S151","На неделе: концерты, театр, комедия",https://musiclivecambridge.com/gigs/open-mic-night-the-boathouse-20261007
вытеснен более сильными,pushed out by stronger items,Studio Sunday Relaxed Session,"вс, 25 октября",Kettle's Yard,центр,3.0,"S001,S052",Каникулы: куда записать ребёнка,https://www.museums.cam.ac.uk/events/studio-sunday-relaxed-session-24
вытеснен более сильными,pushed out by stronger items,Studio Sunday,"вс, 25 октября, 13:00",Kettle's Yard,центр,3.0,"S001,S052",Каникулы: куда записать ребёнка,https://www.museums.cam.ac.uk/events/studio-sunday-56
вытеснен более сильными,pushed out by stronger items,Meet the Greeks,"ср, 28 октября, 10:00",Museum of Classical Archaeology,центр,3.0,"S001,S052",Каникулы: куда записать ребёнка,https://www.museums.cam.ac.uk/events/meet-greeks
вытеснен более сильными,pushed out by stronger items,SWCHS Prospective Year 7 Open Evening,"чт, 1 октября",Saffron Hall,до 30 мин,2.9,S017,"На неделе: концерты, театр, комедия",https://www.saffronhall.com/whats-on/view/swchs-prospective-year-7-open-evening
вытеснен более сильными,pushed out by stronger items,DJ Sessions @ Hot Numbers Gwydir St – Hawkins & Clarke ‘Distant World’ Album listening session & DJ set by DJ Shed 74,"пт, 2 октября, 18:00","Hot Numbers Coffee Dales Brewery, Gwydir St, Cambridge, Cambridgeshire CB1 2LJ",центр,2.9,S001,"На неделе: концерты, театр, комедия",https://www.visitcambridge.org/event/dj-sessions-hot-numbers-gwydir-st-hawkins-clarke-distant-world-album-listening-session-dj-set-by-dj-shed-74/
вытеснен более сильными,pushed out by stronger items,Foyer Folk,"пт, 9 октября, 20:00",Saffron Hall,до 30 мин,2.9,S017,"На неделе: концерты, театр, комедия",https://www.saffronhall.com/whats-on/view/foyer-folk-24
вытеснен более сильными,pushed out by stronger items,"Prokofiev Sonatas 1-5: Sonata no 4, op 29","ср, 7 октября, 19:30",West Road Concert Hall,центр,2.7,S151,"На неделе: концерты, театр, комедия",https://musiclivecambridge.com/gigs/prokofiev-sonatas-1-5-sonata-no-4-op-29-west-road-
вытеснен более сильными,pushed out by stronger items,"Saint-Saens, Fauré, Meyer, Dvořák","чт, 8 октября, 19:30",West Road Concert Hall,центр,2.7,S151,"На неделе: концерты, театр, комедия",https://musiclivecambridge.com/gigs/saint-saens-faure-meyer-dvorak-west-road-concert-h
вытеснен более сильными,pushed out by stronger items,Red Robin’s Winter Song,"ср, 28 октября",Theatre Royal,до часа,2.7,S126,Каникулы: куда записать ребёнка,https://theatreroyal.org/events/red-robins-winter-song/
вытеснен более сильными,pushed out by stronger items,Y2GAY Queer Dance Party,"вт, 6 октября, 23:00",MASH,центр,2.6,S148,"На неделе: концерты, театр, комедия",https://fatsoma.com/e/f6xfc6x5/y2gay-queer-dance-party
вытеснен более сильными,pushed out by stronger items,Big Deal Comedy - New Act Night,"ср, 7 октября",Town and Gown,центр,2.6,S008,"На неделе: концерты, театр, комедия",https://www.eventbrite.co.uk/e/big-deal-comedy-new-act-night-tickets-1988831141482
вытеснен более сильными,pushed out by stronger items,Kids Halloween Party,"сб, 31 октября, 00:30",The White Horse Tilbrook,до часа,2.6,S129,Каникулы: куда записать ребёнка,https://www.skiddle.com/whats-on/Peterborough/The-White-Horse-Tilbrook/Kids-Halloween-Party/42673054/
вытеснен более сильными,pushed out by stronger items,Make it with Marmalade Discover Linocutting half-term Halloween special,"сб, 31 октября, 10:00","Marmalade Print Studio, 36 Pratt Street Soham, Ely, Cambridgeshire CB7 5BH",до 30 мин,2.6,S001,Каникулы: куда записать ребёнка,https://www.visitcambridge.org/event/make-it-with-marmalade-discover-linocutting-half-term-halloween-special/
вытеснен более сильными,pushed out by stronger items,Play in the Past,"чт, 1 октября",Royston Museum,до 30 мин,2.5,S153,"На неделе: концерты, театр, комедия",https://www.roystonmuseum.org.uk/what-s-on
вытеснен более сильными,pushed out by stronger items,Let There B/DC,"пт, 2 октября",The Maltings,до 30 мин,2.5,S128,"На неделе: концерты, театр, комедия",https://www.ents24.com/ely-events/the-maltings/let-there-bdc/7410641
вытеснен более сильными,pushed out by stronger items,From Darwin to Dodos - guided tour of the Museum,"пт, 2 октября, 15:00",Museum of Zoology,центр,2.5,S052,"На неделе: концерты, театр, комедия",https://www.museums.cam.ac.uk/events/darwin-dodos-guided-tour-museum-5
вытеснен более сильными,pushed out by stronger items,Commoners’ Comedy October 2026,"пт, 2 октября, 19:30","129 Chesterton Rd, Cambridge, Cambs CB4 3BA",центр,2.5,S001,"На неделе: концерты, театр, комедия",https://www.visitcambridge.org/event/commoners-comedy-october-2026/
вытеснен более сильными,pushed out by stronger items,Jive Talkin',"пт, 9 октября",Haverhill Arts Centre,до часа,2.5,S128,"На неделе: концерты, театр, комедия",https://www.ents24.com/haverhill-events/haverhill-arts-centre/jive-talkin/7401547
вытеснен более сильными,pushed out by stronger items,Tender Whispers from the Heart: An exhibition of embroidered poetry,до 2 октября,Alison Richard Building,центр,2.5,S048,Бесплатно,https://www.admin.cam.ac.uk/whatson/detail.shtml?uid=b2fef421-d69b-4f05-8d0a-e56ab33cefcd
вытеснен более сильными,pushed out by stronger items,Royston Printmakers,"чт, 1 октября",Royston Museum,до 30 мин,2.5,S153,Бесплатно,https://www.roystonmuseum.org.uk/what-s-on
вытеснен более сильными,pushed out by stronger items,Animal Tails: Fossil Fun,"пт, 2 октября, 10:30",Museum of Zoology,центр,2.5,S052,Бесплатно,https://www.museums.cam.ac.uk/events/animal-tails-fossil-fun
вытеснен более сильными,pushed out by stronger items,Royston Fundraising Event (Halloween pottery),"пн, 5 октября",Glazed Creations,до 30 мин,2.5,S008,Бесплатно,https://www.eventbrite.co.uk/e/royston-fundraising-event-halloween-pottery-tickets-1997140021566
вытеснен более сильными,pushed out by stronger items,Support Cambridgeshire Open Day 2026,"ср, 7 октября, 09:30","The Maple Centre, 6 Oak Drive",до часа,2.5,S148,Бесплатно,https://supportcambridgeshire.org.uk/event_listing/support-cambridgeshire-open-day-2026
вытеснен более сильными,pushed out by stronger items,Family Friendly Drop In,"ср, 7 октября, 10:00",The Fitzwilliam Museum,центр,2.5,S052,Бесплатно,https://www.museums.cam.ac.uk/events/family-friendly-drop-11
вытеснен более сильными,pushed out by stronger items,LGBTQ+ Tours at the Sedgwick Museum of Earth Sciences,"ср, 7 октября, 13:00",Sedgwick Museum of Earth Sciences,центр,2.5,S052,Бесплатно,https://www.museums.cam.ac.uk/events/lgbtq-tours-sedgwick-museum-earth-sciences-18
вытеснен более сильными,pushed out by stronger items,Jazz at the Movies,"сб, 24 октября, 19:30","Regent Street, Cambridge, Cambridgeshire CB2 1AD",центр,2.5,S001,Каникулы: куда записать ребёнка,https://www.visitcambridge.org/event/jazz-at-the-movies/
вытеснен более сильными,pushed out by stronger items,Genius Challenges and Future Solutions,24–25 октября,Cambridge Science Centre,до 30 мин,2.5,S054,Каникулы: куда записать ребёнка,https://www.cambridgesciencecentre.org/whats-on/genius-challenges-and-future-solutions-2/
вытеснен более сильными,pushed out by stronger items,Sticks’n’Sushi Halloween Kids Sushi Masterclass,"вс, 25 октября, 10:00","2 Wheeler Street, Cambridge, Cambridgeshire CB2 3QJ",центр,2.5,S001,Каникулы: куда записать ребёнка,https://www.visitcambridge.org/event/sticksnsushi-halloween-kids-sushi-masterclass/
вытеснен более сильными,pushed out by stronger items,Polar Stories,"пн, 26 октября, 10:00",The Polar Museum,центр,2.5,S052,Каникулы: куда записать ребёнка,https://www.museums.cam.ac.uk/events/polar-stories-2
вытеснен более сильными,pushed out by stronger items,Holiday Bushcraft for 5-14 year olds,"пн, 26 октября, 08:30",Wandlebury Country Park,до 30 мин,2.5,S131,Каникулы: куда записать ребёнка,https://cambridgeppf.org/etn/holiday-bushcraft-for-5-14-year-olds-10/
вытеснен более сильными,pushed out by stronger items,The Outdoor Project Half-Term Sessions,"пн, 26 октября",Milton Country Park,до 30 мин,2.5,S132,Каникулы: куда записать ребёнка,https://www.miltoncountrypark.org/event-details/the-outdoor-project-half-term-sessions-2026-10-26-08-45
вытеснен более сильными,pushed out by stronger items,After Dark at the Museum,"вт, 27 октября, 16:00",Wisbech & Fenland Museum,"Кембриджшир, дальше часа",2.5,S148,Каникулы: куда записать ребёнка,https://wisbechmuseum.org.uk/whats-on/event/2026-10-27-after-dark-at-the-museum
вытеснен более сильными,pushed out by stronger items,Creative Youth Festival 2026,"ср, 28 октября",Wysing Arts Centre,до 30 мин,2.5,S008,Каникулы: куда записать ребёнка,https://www.eventbrite.co.uk/e/creative-youth-festival-2026-tickets-1997441858368
вытеснен более сильными,pushed out by stronger items,Evolution Expedition,"ср, 28 октября, 10:00",Sedgwick Museum of Earth Sciences,центр,2.5,S052,Каникулы: куда записать ребёнка,https://www.museums.cam.ac.uk/events/evolution-expedition
вытеснен более сильными,pushed out by stronger items,October Half Term Family Day,"ср, 28 октября, 10:30",The Fitzwilliam Museum,центр,2.5,S052,Каникулы: куда записать ребёнка,https://www.museums.cam.ac.uk/events/october-half-term-family-day
вытеснен более сильными,pushed out by stronger items,"Little Feet, Big Impressions","ср, 28 октября, 10:30","Enid Porter Room, Museum of Cambridge",центр,2.5,S130,Каникулы: куда записать ребёнка,https://www.museumofcambridge.org.uk/event/little-feet-big-impressions-63/
вытеснен более сильными,pushed out by stronger items,Evolution Expedition,"чт, 29 октября, 10:00",Sedgwick Museum of Earth Sciences,центр,2.5,S052,Каникулы: куда записать ребёнка,https://www.museums.cam.ac.uk/events/evolution-expedition-0
вытеснен более сильными,pushed out by stronger items,Cool Cucurbits family activity,"чт, 29 октября, 10:30",Cambridge University Botanic Garden,центр,2.5,S069,Каникулы: куда записать ребёнка,https://www.botanic.cam.ac.uk/whats-on/cool-cucurbits-family-activity/
вытеснен более сильными,pushed out by stronger items,October Half Term - Myths and legends,"чт, 29 октября",Royston Museum,до 30 мин,2.5,S153,Каникулы: куда записать ребёнка,https://www.roystonmuseum.org.uk/what-s-on
вытеснен более сильными,pushed out by stronger items,CAMBRIDGE Overbury Music Night 2026,"чт, 1 октября",The Portland Arms,центр,2.4,S008,"На неделе: концерты, театр, комедия",https://www.eventbrite.co.uk/e/cambridge-overbury-music-night-2026-tickets-1992928630181
вытеснен более сильными,pushed out by stronger items,Reimagining nature with children - an immersive training day,"ср, 28 октября",Storey's Field Centre,центр,2.4,S008,Каникулы: куда записать ребёнка,https://www.eventbrite.co.uk/e/reimagining-nature-with-children-an-immersive-training-day-registration-1994800280337
вытеснен более сильными,pushed out by stronger items,Commoners' Comedy Club,"пт, 2 октября, 19:30",The Portland Arms,центр,2.3,S048,"На неделе: концерты, театр, комедия",https://www.admin.cam.ac.uk/whatson/detail.shtml?uid=3146e35c-988c-4c36-a0b8-7982e759a42a
вытеснен более сильными,pushed out by stronger items,THE ARCHDUKE BAND +Alice Walker +Harry Quinn (8th Oct 26),"чт, 8 октября, 20:00",The Portland Arms,центр,2.2,S151,"На неделе: концерты, театр, комедия",https://musiclivecambridge.com/gigs/the-archduke-band-alice-walker-harry-quinn-8th-oct
вытеснен более сильными,pushed out by stronger items,OASSIS – From Knebworth to The Met Lounge,"пт, 9 октября","THE MET LOUNGE, BRIDGE STREET","Кембриджшир, дальше часа",2.2,S148,"На неделе: концерты, театр, комедия",https://dovetailevents.co.uk/peterborough-events
вытеснен более сильными,pushed out by stronger items,Pop-up Speakeasy Jazz Club @Tram_Depot,"ср, 7 октября",The Tram Depot,центр,1.7,S008,"На неделе: концерты, театр, комедия",https://www.eventbrite.co.uk/e/pop-up-speakeasy-jazz-club-tram-depot-tickets-1997983241660
вытеснен более сильными,pushed out by stronger items,Games Night in Cambridge – NEW TIME,"пт, 9 октября",Waterstones,центр,1.7,S008,Бесплатно,https://www.eventbrite.co.uk/e/games-night-in-cambridge-new-time-tickets-2000273087651
вытеснен более сильными,pushed out by stronger items,Black History of Science Tours,"чт, 1 октября и ср, 7 октября",Whipple Museum of the History of Science,центр,1.6,S052,Бесплатно,https://www.museums.cam.ac.uk/events/black-history-science-tours-1
вытеснен более сильными,pushed out by stronger items,Skeleton Science,"сб, 24 октября, 13:00",Whipple Museum of the History of Science,центр,1.6,S052,Каникулы: куда записать ребёнка,https://www.museums.cam.ac.uk/events/skeleton-science
вытеснен более сильными,pushed out by stronger items,Skeleton Science,"пн, 26 октября, 13:00",Whipple Museum of the History of Science,центр,1.6,S052,Каникулы: куда записать ребёнка,https://www.museums.cam.ac.uk/events/skeleton-science-0
"гражданское мероприятие (консультация, выставка проекта) — пока не в выпуск","гражданское мероприятие (консультация, выставка проекта) — пока не в выпуск",Cambridge South Public Exhibition (2026-10-05),,,,,,—,
"гражданское мероприятие (консультация, выставка проекта) — пока не в выпуск","гражданское мероприятие (консультация, выставка проекта) — пока не в выпуск",Cambridge South Public Exhibition (2026-10-10),,,,,,—,
дата на странице (2026-11-26) не совпадает с каникулами из названия — противоречие у провайдера,дата на странице (2026-11-26) не совпадает с каникулами из названия — противоречие у провайдера,Professor Fab's Potions Class — October Half Term Science Camp - Professor Fab's Potions Class,26 ноября,Queen Edith Community Primary School,до 30 мин,,kids_collector,Каникулы: куда записать ребёнка,https://clubhubuk.co.uk/clubs/october-half-term-science-camp-4/
дубль пункта из выпуска,duplicate of an item in the issue,The Lemonheads,"чт, 1 октября, 19:00",Cambridge Junction,центр,6.3,S151,"На неделе: концерты, театр, комедия",https://musiclivecambridge.com/gigs/the-lemonheads-2026-10-01
дубль пункта из выпуска,duplicate of an item in the issue,"Organ Recital by Paul Greally, Westminster Abbey","вс, 11 октября, 14:15",King’s College Chapel,центр,2.8,S150,Главное на выходные 10–11 октября,https://www.cmp.cam.ac.uk/events/event/item/organ-recital-by-paul-greally-westminster-abbey/
зона не определена (нет postcode),зона не определена (нет postcode),A1 Fun Club — Holiday club,в школьные каникулы,Paddocks,,,kids_collector,Каникулы: куда записать ребёнка,https://a1funclub.co.uk/pages/about-us
зона не определена (нет postcode),зона не определена (нет postcode),Cambridge Kung Fu — Kids Kung Fu - October Half Term Unlimited Classes,26–30 октября,Hills Road Sports and Tennis Centre,,,kids_collector,Каникулы: куда записать ребёнка,https://cambridgekungfu.com/events-and-updates
зона не определена (нет postcode),зона не определена (нет postcode),Kids Club Ely — Holiday Club,в школьные каникулы,,,,kids_collector,Каникулы: куда записать ребёнка,https://kidsclubely.co.uk/opening-times-and-fees
зона не определена (нет postcode),зона не определена (нет postcode),"National Trust - Anglesey Abbey, Gardens and Lode Mill — Paint a pumpkin this half term",26–30 октября,Anglesey Abbey,,,kids_collector,Каникулы: куда записать ребёнка,https://www.nationaltrust.org.uk/visit/cambridgeshire/anglesey-abbey-gardens-and-lode-mill/visiting-anglesey-abbey-with-family
зона не определена (нет postcode),зона не определена (нет postcode),"National Trust - Anglesey Abbey, Gardens and Lode Mill — Meet Father Christmas at Anglesey Abbey",21 декабря – 1 января 2027,Anglesey Abbey,,,kids_collector,Каникулы: куда записать ребёнка,https://www.nationaltrust.org.uk/visit/cambridgeshire/anglesey-abbey-gardens-and-lode-mill/visiting-anglesey-abbey-with-family
зона не определена (нет postcode),зона не определена (нет postcode),S4 Swim School — S4 Swim Intensive - Non-Swimmers (Octopus),26–30 октября,,,,kids_collector,Каникулы: куда записать ребёнка,https://s4swimschool.uk/swim-intensives
зона не определена (нет postcode),зона не определена (нет postcode),S4 Swim School — Rookie Lifeguard Course,в школьные каникулы,,,,kids_collector,Каникулы: куда записать ребёнка,https://s4swimschool.uk/swim-intensives
зона не определена (нет postcode),зона не определена (нет postcode),S4 Swim School — S4 Swim Intensive - Beginners (Goldfish),26–30 октября,,,,kids_collector,Каникулы: куда записать ребёнка,https://s4swimschool.uk/swim-intensives
зона не определена (нет postcode),зона не определена (нет postcode),S4 Swim School — S4 Swim Intensive - Improvers (Angelfish),26–30 октября,,,,kids_collector,Каникулы: куда записать ребёнка,https://s4swimschool.uk/swim-intensives
зона не определена (нет postcode),зона не определена (нет postcode),S4 Swim School — S4 Swim Intensive - Advanced,26–30 октября,,,,kids_collector,Каникулы: куда записать ребёнка,https://s4swimschool.uk/swim-intensives
зона не определена (нет postcode),зона не определена (нет postcode),The Outdoors Project - Cambridge & Royston — October Half Term Holiday Clubs,26–30 октября,,,,kids_collector,Каникулы: куда записать ребёнка,https://www.theoutdoorsproject.co.uk/cambridge-royston/
зона не определена (нет postcode),zone unknown (no postcode),"A Just Transition: Jobs, People, Planet (2026-10-10)",,,,,,—,
идёт дольше двух недель — в «Выставки»,runs for more than two weeks — goes to Exhibitions,poíēsis: an exhibition by Tom de Freston,до 17 октября,Museum of Classical Archaeology,центр,3.6,"S001,S052",Главное на выходные 3–4 октября,https://www.museums.cam.ac.uk/events/poiesis-exhibition-tom-de-freston
идёт дольше двух недель — в «Выставки»,runs for more than two weeks — goes to Exhibitions,Waterstones Book Events,1–30 октября,Waterstones Book Shop,центр,3.4,S005,Главное на выходные 3–4 октября,https://cambridge105.co.uk/event/waterstones-book-events/
идёт дольше двух недель — в «Выставки»,runs for more than two weeks — goes to Exhibitions,Life Drawing Class | Cambridge Junction,до 14 декабря,Cambridge Junction,центр,3.2,S012,Главное на выходные 3–4 октября,https://www.junction.co.uk/events/life-drawing-class/
идёт дольше двух недель — в «Выставки»,runs for more than two weeks — goes to Exhibitions,Portraits of Cambridge: A Town in Transition,до 5 октября,Museum of Cambridge,центр,3.1,"S001,S048",Главное на выходные 3–4 октября,https://www.admin.cam.ac.uk/whatson/detail.shtml?uid=733ed62b-a67e-4d27-a06b-c9ac9b641417
идёт дольше двух недель — в «Выставки»,runs for more than two weeks — goes to Exhibitions,What Remains,до 28 февраля 2027,"The Women's Art Collection, Murray Edwards College",центр,3.0,"S001,S164",Главное на выходные 3–4 октября,https://www.visitcambridge.org/event/what-remains/
идёт дольше двух недель — в «Выставки»,runs for more than two weeks — goes to Exhibitions,Professional Dance Class | Cambridge Junction,до 7 декабря,Cambridge Junction,центр,3.0,S012,Главное на выходные 3–4 октября,https://www.junction.co.uk/events/professional-dance-class/
идёт дольше двух недель — в «Выставки»,runs for more than two weeks — goes to Exhibitions,Creative Café | Cambridge Junction,6 октября – 1 декабря,Cambridge Junction,центр,3.0,S012,Главное на выходные 10–11 октября,https://www.junction.co.uk/events/creative-cafe/
идёт дольше двух недель — в «Выставки»,runs for more than two weeks — goes to Exhibitions,Museum Encounters | Cambridge Junction,9 октября – 18 декабря,Cambridge Junction,центр,3.0,S012,Главное на выходные 10–11 октября,https://www.junction.co.uk/events/museum-encounters/
идёт дольше двух недель — в «Выставки»,runs for more than two weeks — goes to Exhibitions,Museum Encounters: Parkinson's Dance Course (Autumn 2026),9 октября – 18 декабря,"Cambridge Junction, Clifton Way, Cambridge, CB1 7GX",центр,3.0,S052,Главное на выходные 10–11 октября,https://www.museums.cam.ac.uk/events/museum-encounters-parkinsons-dance-course-autumn-2026
идёт дольше двух недель — в «Выставки»,runs for more than two weeks — goes to Exhibitions,Museum Boost,9 октября – 18 декабря,"Cambridge Junction, Clifton Way, Cambridge, CB1 7GX",центр,3.0,S052,Главное на выходные 10–11 октября,https://www.museums.cam.ac.uk/events/museum-boost-1
идёт дольше двух недель — в «Выставки»,runs for more than two weeks — goes to Exhibitions,'Polar Panoramas',до 16 января 2027,The Polar Museum,центр,2.8,S052,Главное на выходные 3–4 октября,https://www.museums.cam.ac.uk/events/polar-panoramas
идёт дольше двух недель — в «Выставки»,runs for more than two weeks — goes to Exhibitions,Switzerland,9–24 октября,Theatre Royal,до часа,2.8,S126,Главное на выходные 10–11 октября,https://theatreroyal.org/events/switzerland-thriller/
идёт дольше двух недель — в «Выставки»,runs for more than two weeks — goes to Exhibitions,Cats of Cambridge,до 5 октября,Museum of Cambridge,центр,2.6,S001,Главное на выходные 3–4 октября,https://www.visitcambridge.org/event/cats-of-cambridge/
идёт дольше двух недель — в «Выставки»,runs for more than two weeks — goes to Exhibitions,Theatre Tour 2026,до 7 ноября,Theatre Royal,до часа,2.6,S126,Главное на выходные 3–4 октября,https://theatreroyal.org/events/theatre-tour-2026/
идёт дольше двух недель — в «Выставки»,runs for more than two weeks — goes to Exhibitions,Paint a Pic,до 5 декабря,"Station Tavern, Cambridge, Cambridgeshire CB1 2GA",центр,2.5,S001,Главное на выходные 3–4 октября,https://www.visitcambridge.org/event/paint-a-pic/
идёт дольше двух недель — в «Выставки»,runs for more than two weeks — goes to Exhibitions,Friends’ Table,до 15 декабря,Cambridge University Botanic Garden,центр,2.5,S069,Главное на выходные 3–4 октября,https://www.botanic.cam.ac.uk/whats-on/friends-table/
идёт дольше двух недель — в «Выставки»,runs for more than two weeks — goes to Exhibitions,From Magma to Magnets,до 2 марта 2027,Sedgwick Museum of Earth Sciences,центр,2.5,S052,Главное на выходные 3–4 октября,https://www.museums.cam.ac.uk/events/magma-magnets
идёт дольше двух недель — в «Выставки»,runs for more than two weeks — goes to Exhibitions,Moving Objects: stories from behind the scenes at the museum,до 20 декабря,Museum of Archaeology and Anthropology,центр,2.5,S052,Главное на выходные 3–4 октября,https://www.museums.cam.ac.uk/events/moving-objects-stories-behind-scenes-museum
идёт дольше двух недель — в «Выставки»,runs for more than two weeks — goes to Exhibitions,"Living Water: Poetry, Art and the Fight for Clean Rivers",до 5 декабря,Cambridge University Library,центр,2.5,S048,Главное на выходные 3–4 октября,https://www.admin.cam.ac.uk/whatson/detail.shtml?uid=3d5a3429-7440-4e5c-bf62-e298a8845c31
идёт дольше двух недель — в «Выставки»,runs for more than two weeks — goes to Exhibitions,Whatever the Weather photography competition,до 31 октября,Cambridge University Botanic Garden,центр,2.5,S052,Главное на выходные 3–4 октября,https://www.museums.cam.ac.uk/events/whatever-weather-photography-competition
идёт дольше двух недель — в «Выставки»,runs for more than two weeks — goes to Exhibitions,"The Old Palace, King’s Ely Garden Open Days",до 11 октября,Ely,до 30 мин,2.5,S113,Главное на выходные 3–4 октября,https://www.visitely.org.uk/whats-on/uncategorized/the-old-palace-kings-ely-garden-open-days/
идёт дольше двух недель — в «Выставки»,runs for more than two weeks — goes to Exhibitions,Live Piano in the Heart of Cambridge,до 5 декабря,"20 Downing Street Hilton Cambridge City Centre, Cambridge, UK/Ireland CB2 3DT",центр,2.5,S001,Главное на выходные 3–4 октября,https://www.visitcambridge.org/event/live-piano-in-the-heart-of-cambridge-2/
идёт дольше двух недель — в «Выставки»,runs for more than two weeks — goes to Exhibitions,Bach to Baby Family Concert in Cambridge,до 17 октября,"Downing Place URC 4 Downing Place, Cambridge, Cambridge CB2 3EL",центр,2.5,S001,Главное на выходные 3–4 октября,https://www.visitcambridge.org/event/bach-to-baby-family-concert-in-cambridge-2/
идёт дольше двух недель — в «Выставки»,runs for more than two weeks — goes to Exhibitions,Art Exhibition: 'Images and Other Conversations',до 11 октября,Wolfson College,центр,2.5,S048,Главное на выходные 3–4 октября,https://www.admin.cam.ac.uk/whatson/detail.shtml?uid=5298d7c2-38c8-426d-9c0c-bc0f83403f2c
идёт дольше двух недель — в «Выставки»,runs for more than two weeks — goes to Exhibitions,Cats of Cambridge – Exhibition through the Museum,до 5 октября,"Museum of Cambridge 2-3 Castle Street, Cambridge, Cambridgeshire CB3 0AQ",центр,2.5,S001,Главное на выходные 3–4 октября,https://www.visitcambridge.org/event/cats-of-cambridge-exhibition-through-the-museum/
идёт дольше двух недель — в «Выставки»,runs for more than two weeks — goes to Exhibitions,Wildlife Photography Exhibition,до 31 октября,Ely,до 30 мин,2.5,S113,Главное на выходные 3–4 октября,https://www.visitely.org.uk/whats-on/uncategorized/wildlife-photography-exhibition/
идёт дольше двух недель — в «Выставки»,runs for more than two weeks — goes to Exhibitions,Art Exhibition: Old Fire Engine House and Gallery,до 4 октября,Ely,до 30 мин,2.5,S113,Главное на выходные 3–4 октября,https://www.visitely.org.uk/whats-on/uncategorized/art-exhibition-old-fire-engine-house-and-gallery/
идёт дольше двух недель — в «Выставки»,runs for more than two weeks — goes to Exhibitions,Castles: Anarchy and Rebellion in Ely,до 31 января 2027,Ely,до 30 мин,2.5,S113,Главное на выходные 3–4 октября,https://www.visitely.org.uk/whats-on/uncategorized/castles-anarchy-and-rebellion-in-ely/
идёт дольше двух недель — в «Выставки»,runs for more than two weeks — goes to Exhibitions,Other than Words: A Sense of Release in the Presence of Art,до 12 ноября,Clare Hall,центр,2.5,S048,Главное на выходные 3–4 октября,https://www.admin.cam.ac.uk/whatson/detail.shtml?uid=bebe0f56-5807-47ba-a35f-a2afc09929f6
идёт дольше двух недель — в «Выставки»,runs for more than two weeks — goes to Exhibitions,Rowan Community Evening Classes,до 19 октября,"Rowan 40 Humberstone Road, Cambridge, Cambridgeshire CB4 1JG",центр,2.5,S001,Главное на выходные 3–4 октября,https://www.visitcambridge.org/event/rowan-community-evening-classes/
идёт дольше двух недель — в «Выставки»,runs for more than two weeks — goes to Exhibitions,Greene King Car Park Space,до 15 июня 2027,Theatre Royal,до часа,2.5,S126,Главное на выходные 3–4 октября,https://theatreroyal.org/events/greene-king-car-park-space/
идёт дольше двух недель — в «Выставки»,runs for more than two weeks — goes to Exhibitions,Secure My Booking – Ticket Protection,до 15 июня 2027,Theatre Royal,до часа,2.5,S126,Главное на выходные 3–4 октября,https://theatreroyal.org/events/secure-my-booking-ticket-protection/
идёт дольше двух недель — в «Выставки»,runs for more than two weeks — goes to Exhibitions,Exhibition – Abrasions,3 октября – 1 ноября,The Edge Cafe,центр,2.5,S005,Главное на выходные 3–4 октября,https://cambridge105.co.uk/event/103157/
идёт дольше двух недель — в «Выставки»,runs for more than two weeks — goes to Exhibitions,ABRASIONS – new work by Ian Rawlinson,3–31 октября,"The Edge Cafe 351 Mill Road, Cambridge, Cambs CB1 3DF",центр,2.5,S001,Главное на выходные 3–4 октября,https://www.visitcambridge.org/event/abrasions-new-work-by-ian-rawlinson/
идёт дольше двух недель — в «Выставки»,runs for more than two weeks — goes to Exhibitions,Saturday Morning Make it with Marmalade 'Discover Linocutting' Sessions,3–31 октября,Ely,до 30 мин,2.5,S113,Главное на выходные 3–4 октября,https://www.visitely.org.uk/whats-on/uncategorized/saturday-morning-make-it-with-marmalade-discover-linocutting-sessions/
идёт дольше двух недель — в «Выставки»,runs for more than two weeks — goes to Exhibitions,The Art of Deception,до 31 декабря,Whipple Museum of the History of Science,центр,1.6,S052,Главное на выходные 3–4 октября,https://www.museums.cam.ac.uk/events/art-deception
лекции talks.cam с «Title to be confirmed»,talks.cam lectures with “Title to be confirmed”,Title to be confirmed - Richard Williams (Universidade de Santiago de Compostela) (2026-10-06),,,,,,—,
мест нет,мест нет,Barracudas — Minecraft - Cambridge Long Road,в школьные каникулы,Long Road Sixth Form College,до 30 мин,,kids_collector,Каникулы: куда записать ребёнка,http://barracudas.co.uk/camps/minecraft-cambridge-long-road
модель предпочла пункт с меньшей оценкой — из Cambridge Corn Exchange уже выбрано два пункта,the model preferred a lower-scored item — already two items from Cambridge Corn Exchange chosen,Alison Moyet,"пт, 9 октября",Cambridge Corn Exchange,центр,8.7,"S011,S091,S151","На неделе: концерты, театр, комедия",https://www.cornex.co.uk/events/alison-moyet-2
модель предпочла пункт с меньшей оценкой — из Cambridge Corn Exchange уже выбрано два пункта,the model preferred a lower-scored item — already two items from Cambridge Corn Exchange chosen,Steve Hackett – Best of Genesis & Solo Gems,"пт, 2 октября",Cambridge Corn Exchange,центр,8.6,"S011,S091,S151","На неделе: концерты, театр, комедия",https://www.cornex.co.uk/events/steve-hackett-best-of-genesis-solo-gems
модель предпочла пункт с меньшей оценкой — из Cambridge Corn Exchange уже выбрано два пункта,the model preferred a lower-scored item — already two items from Cambridge Corn Exchange chosen,Simon Amstell: I Love It Here,"чт, 8 октября",Cambridge Corn Exchange,центр,8.4,"S006,S011,S091","На неделе: концерты, театр, комедия",https://www.cornex.co.uk/events/simon-amstell-i-love-it-here
модель предпочла пункт с меньшей оценкой — из Cambridge Corn Exchange уже выбрано два пункта,the model preferred a lower-scored item — already two items from Cambridge Corn Exchange chosen,Kevin Bloody Wilson,"ср, 7 октября",Cambridge Corn Exchange,центр,6.8,"S011,S091","На неделе: концерты, театр, комедия",https://www.cornex.co.uk/events/kevin-bloody-wilson
модель предпочла пункт с меньшей оценкой — из Cambridge Junction уже выбрано два пункта,the model preferred a lower-scored item — already two items from Cambridge Junction chosen,Reef | Cambridge Junction,"пт, 9 октября, 19:00",Cambridge Junction,центр,6.4,S012,"На неделе: концерты, театр, комедия",https://www.junction.co.uk/events/reef/
модель предпочла пункт с меньшей оценкой — из Cambridge Junction уже выбрано два пункта,the model preferred a lower-scored item — already two items from Cambridge Junction chosen,The Amazons | Cambridge Junction,"ср, 7 октября, 19:00",Cambridge Junction,центр,6.3,S012,"На неделе: концерты, театр, комедия",https://www.junction.co.uk/events/the-amazons/
модель предпочла пункт с меньшей оценкой — из Cambridge Junction уже выбрано два пункта,the model preferred a lower-scored item — already two items from Cambridge Junction chosen,Robert Jon & The Wreck | Cambridge Junction,"пт, 2 октября, 19:00",Cambridge Junction,центр,6.0,"S012,S151","На неделе: концерты, театр, комедия",https://www.junction.co.uk/events/robert-jon-the-wreck/
модель предпочла пункт с меньшей оценкой — похожая беседа Kettle's Yard уже включена,the model preferred a lower-scored item — a similar Kettle's Yard spotlight talk already included,Spotlight Talk: Helen Ede and Knitting,"пт, 9 октября, 13:00",Kettle's Yard,центр,2.5,S052,Лекции и встречи,https://www.museums.cam.ac.uk/events/spotlight-talk-helen-ede-and-knitting
"модель предпочла пункт с меньшей оценкой — похожее сезонное объявление, вместо него выбран Fireworks Night","the model preferred a lower-scored item — a similar seasonal announcement, Fireworks Night was chosen instead","Christmas in Cambridge (Parker's Piece: каток, маркет, колесо обозрения)","пт, 13 ноября","Parker's Piece, Cambridge",центр,5.0,recurring,Новые анонсы,https://www.christmasincambridge.co.uk/
модель предпочла пункт с меньшей оценкой — причина не указана (проверка ответа),the model preferred a lower-scored item — no reason given (answer check),Simply Red,"сб, 21 августа 2027",Newmarket,до 30 мин,10.0,"S003,S021,S128",Новые анонсы,https://www.thejockeyclub.co.uk/newmarket/events-tickets/newmarket-nights/simply-red/
модель предпочла пункт с меньшей оценкой — причина не указана (проверка ответа),the model preferred a lower-scored item — no reason given (answer check),Reef,"пт, 9 октября, 19:00",Cambridge Junction,центр,6.1,S151,"На неделе: концерты, театр, комедия",https://musiclivecambridge.com/gigs/reef
модель предпочла пункт с меньшей оценкой — причина не указана (проверка ответа),the model preferred a lower-scored item — no reason given (answer check),The Amazons,"ср, 7 октября, 19:00",Cambridge Junction,центр,5.7,S151,"На неделе: концерты, театр, комедия",https://musiclivecambridge.com/gigs/the-amazons
модель предпочла пункт с меньшей оценкой — причина не указана (проверка ответа),the model preferred a lower-scored item — no reason given (answer check),Milo Edwards: Catamaran | Cambridge Junction,"чт, 1 октября, 20:00",Cambridge Junction,центр,5.6,S012,"На неделе: концерты, театр, комедия",https://www.junction.co.uk/events/milo-edwards-catamaran/
модель предпочла пункт с меньшей оценкой — причина не указана (проверка ответа),the model preferred a lower-scored item — no reason given (answer check),Spem In Alium: I Fagiolini at 40,"сб, 10 октября, 19:30",Saffron Hall,до 30 мин,4.9,S017,Главное на выходные 10–11 октября,https://www.saffronhall.com/whats-on/view/spem-in-alium-i-fagolini-at-40
"модель предпочла пункт с меньшей оценкой — слишком далеко по времени, чтобы быть актуальным",the model preferred a lower-scored item — too far off in the year to be timely,Whittlesea Straw Bear Festival,15–17 января 2027,"Whittlesey, Market Place","Кембриджшир, дальше часа",5.0,recurring,Новые анонсы,https://www.strawbear.org.uk/
"модель предпочла пункт с меньшей оценкой — слишком далеко по времени, чтобы быть актуальным",the model preferred a lower-scored item — too far off in the year to be timely,Thriplow Daffodil Weekend,13–14 марта 2027,Thriplow,до 30 мин,5.0,recurring,Новые анонсы,https://www.thriplowdaffodils.org.uk
"модель предпочла пункт с меньшей оценкой — слишком далеко по времени, чтобы быть актуальным",the model preferred a lower-scored item — too far off in the year to be timely,Cambridge Festival,10–25 марта 2027,"Cambridge, разные площадки",центр,5.0,recurring,Новые анонсы,https://www.festival.cam.ac.uk/
"не подходит ни под одну рубрику (будни не на сцене, не бесплатно, не для детей …)","fits no rubric (weekday event outside the stage rubric, not free, not for kids …)",Museum Late: Frank Bowling,"чт, 8 октября, 18:30",The Fitzwilliam Museum,центр,5.2,S052,—,https://www.museums.cam.ac.uk/events/museum-late-frank-bowling-0
"не подходит ни под одну рубрику (будни не на сцене, не бесплатно, не для детей …)","fits no rubric (weekday event outside the stage rubric, not free, not for kids …)",Digger,"пт, 2 октября",Cambridge Arts Picturehouse,центр,3.8,"S003,S148",—,http://www.picturehouses.com/movie-details/008/HO00018431/undefined
"не подходит ни под одну рубрику (будни не на сцене, не бесплатно, не для детей …)","fits no rubric (weekday event outside the stage rubric, not free, not for kids …)",Quartetto Noûs,"чт, 8 октября, 20:00",Kettle's Yard,центр,3.8,"S051,S052",—,https://www.kettlesyard.cam.ac.uk/whats-on/quartetto-nous-2/
"не подходит ни под одну рубрику (будни не на сцене, не бесплатно, не для детей …)","fits no rubric (weekday event outside the stage rubric, not free, not for kids …)",Agile Cambridge 2026,до 1 октября,Churchill College,центр,3.0,S008,—,https://www.eventbrite.co.uk/e/agile-cambridge-2026-tickets-1968054456859
"не подходит ни под одну рубрику (будни не на сцене, не бесплатно, не для детей …)","fits no rubric (weekday event outside the stage rubric, not free, not for kids …)",Hiro Ceramics @ Hot Numbers Trumpington Street,"ср, 7 октября, 18:00","Hot Numbers Coffee 4 Trumpington St,, Cambridge, Cambridgeshire CB2 1QA",центр,2.8,S001,—,https://www.visitcambridge.org/event/hiro-ceramics-hot-numbers-trumpington-street/
"не подходит ни под одну рубрику (будни не на сцене, не бесплатно, не для детей …)","fits no rubric (weekday event outside the stage rubric, not free, not for kids …)",Fitness Pilates,"чт, 1 октября",Campkin Road,центр,2.6,S008,—,https://www.eventbrite.com/e/fitness-pilates-tickets-1259777290789
"не подходит ни под одну рубрику (будни не на сцене, не бесплатно, не для детей …)","fits no rubric (weekday event outside the stage rubric, not free, not for kids …)",Meet the Artist: Debbie Yeboah,"чт, 1 октября, 13:00",The Fitzwilliam Museum,центр,2.6,S052,—,https://www.museums.cam.ac.uk/events/meet-artist-debbie-yeboah
"не подходит ни под одну рубрику (будни не на сцене, не бесплатно, не для детей …)","fits no rubric (weekday event outside the stage rubric, not free, not for kids …)",Hot Numbers Discovery Sessions,"чт, 8 октября, 19:00",Hot Numbers on Gwydir Street,центр,2.5,S150,—,https://www.cmp.cam.ac.uk/events/event/item/hot-numbers-discovery-sessions/
"не подходит ни под одну рубрику (будни не на сцене, не бесплатно, не для детей …)","fits no rubric (weekday event outside the stage rubric, not free, not for kids …)",An Evening with Rachel Harrison in Cambridge,"пт, 2 октября",Waterstones,центр,2.3,S008,—,https://www.eventbrite.co.uk/e/an-evening-with-rachel-harrison-in-cambridge-tickets-1990631022976
"не подходит ни под одну рубрику (будни не на сцене, не бесплатно, не для детей …)","fits no rubric (weekday event outside the stage rubric, not free, not for kids …)",Women in Poetry with Pelé Cox in Cambridge,"чт, 1 октября",Waterstones,центр,2.0,S008,—,https://www.eventbrite.co.uk/e/women-in-poetry-with-pele-cox-in-cambridge-tickets-1997975491479
не проверено на сайте провайдера,не проверено на сайте провайдера,Primary Sports Stars — Cheerful Champs holiday club,26 октября,"St Mary's, Mildenhall",до часа,,web_search,Каникулы: куда записать ребёнка,https://activities.bookpebble.co.uk/activity/cheerful-champs-mildenhall-holiday-club-st-marys-mildenhall-october-26-bury-st-edmunds-5d5fcf7d-22d5-47ef-8e6e-444bd5ecf538
не проверено: дат на странице нет,not verified: дат на странице нет,Stagecoach Cambridge — holiday workshops,,,,,web_search,Каникулы: куда записать ребёнка,https://www.stagecoach.co.uk/cambridge
"не проверено: заглушка или проверка бот-защиты (robots.txt: HTTP 202; страница: 202, заглушка) — лист «Не разобрано»","not verified: заглушка или проверка бот-защиты (robots.txt: HTTP 202; страница: 202, заглушка) — лист «Не разобрано»",Cambridge Gymnastics Academy — October half-term camp,,,,,web_search,Каникулы: куда записать ребёнка,https://cambridgegymnastics.co.uk/camp/
"не проверено: заглушка или проверка бот-защиты (robots.txt: HTTP 403 (4xx — правил нет, RFC 9309); страница: 403) — лист «Не разобрано»","not verified: заглушка или проверка бот-защиты (robots.txt: HTTP 403 (4xx — правил нет, RFC 9309); страница: 403) — лист «Не разобрано»",Cambridge Kids Club — holiday playscheme,,,,,web_search,Каникулы: куда записать ребёнка,https://cambridgekidsclub.com/holiday-playschemes/
"не проверено: заглушка или проверка бот-защиты (robots.txt: HTTP 403 (4xx — правил нет, RFC 9309); страница: 403) — лист «Не разобрано»","not verified: заглушка или проверка бот-защиты (robots.txt: HTTP 403 (4xx — правил нет, RFC 9309); страница: 403) — лист «Не разобрано»",Cambridge United soccer schools,,,,,web_search,Каникулы: куда записать ребёнка,https://officialsoccerschools.co.uk/cambridgeunited/
не проверено: обрыв соединения (robots.txt: HTTP -1) — лист «Не разобрано»,not verified: обрыв соединения (robots.txt: HTTP -1) — лист «Не разобрано»,Multi-Active (Huntingdon & St Ives),,,,,web_search,Каникулы: куда записать ребёнка,https://www.multi-active.co.uk/cambridgeshire-school-holiday-clubs
не проверено: обрыв соединения (robots.txt: HTTP -1) — лист «Не разобрано»,not verified: обрыв соединения (robots.txt: HTTP -1) — лист «Не разобрано»,Kids R Us holiday club,,,,,web_search,Каникулы: куда записать ребёнка,https://kidsrusoosc.org/holiday-club/
"не проверено: страница отвечает 403 (robots.txt: HTTP 403 (4xx — правил нет, RFC 9309); страница: 403) — лист «Не разобрано»","not verified: страница отвечает 403 (robots.txt: HTTP 403 (4xx — правил нет, RFC 9309); страница: 403) — лист «Не разобрано»",The Football Fun Factory (Kelsey Kerridge),,,,,web_search,Каникулы: куда записать ребёнка,https://thefootballfunfactory.co.uk/locations/cambridge-central/
нет сигнала срочности — место в «Новых анонсах»,no urgency signal — belongs to Just announced,Simply Red,"сб, 21 августа 2027 · в продаже с 25 сентября",Newmarket,до 30 мин,10.0,"S003,S021,S128",Успейте купить билеты,https://www.thejockeyclub.co.uk/newmarket/events-tickets/newmarket-nights/simply-red/
нет сигнала срочности — место в «Новых анонсах»,no urgency signal — belongs to Just announced,The Big Retreat Cambridgeshire 2027,20–23 августа 2027 · в продаже с 22 сентября,Abbots Ripton Estate,до часа,4.0,S003,Успейте купить билеты,https://www.cambridgeindependent.co.uk/whats-on/in-pictures-ruby-wax-gail-porter-mr-motivator-and-more-le-9483768/
нет сигнала срочности — место в «Новых анонсах»,no urgency signal — belongs to Just announced,Around the World in 80 Days,7–10 октября,Ely Maltings,до 30 мин,3.8,"S119,S148",Успейте купить билеты,https://themaltingsely.org.uk/events/around-the-world-in-80-days-by-ely-amateur-dramatics-2026-10-07-18-40
ниже порога 4,below the threshold 4,Tom Ward: Post-Millennium Tension | Cambridge Junction,"сб, 3 октября, 20:00",Cambridge Junction,центр,3.8,S012,Главное на выходные 3–4 октября,https://www.junction.co.uk/events/tom-ward-post-millennium-tension/
ниже порога 4,below the threshold 4,Around the World in 80 Days,7–10 октября,Ely Maltings,до 30 мин,3.8,"S119,S148",Главное на выходные 10–11 октября,https://themaltingsely.org.uk/events/around-the-world-in-80-days-by-ely-amateur-dramatics-2026-10-07-18-40
ниже порога 4,below the threshold 4,Saffron Walden Symphony Orchestra Family Concert,"вс, 4 октября, 15:00",Saffron Hall,до 30 мин,3.7,S017,Главное на выходные 3–4 октября,https://www.saffronhall.com/whats-on/view/saffron-walden-symphony-orchestra-family-concert
ниже порога 4,below the threshold 4,Guided House Tour,"сб, 10 октября, 11:00",Kettle's Yard,центр,3.7,"S001,S051,S052",Главное на выходные 10–11 октября,https://www.kettlesyard.cam.ac.uk/whats-on/guided-house-tour-10-10-2026-2/
ниже порога 4,below the threshold 4,Kathryn Roberts & Sean Lakeman,"сб, 3 октября",Toft Social Club,до 30 мин,3.6,"S001,S128",Главное на выходные 3–4 октября,https://www.ents24.com/cambridge-events/toft-social-club/kathryn-roberts-and-sean-lakeman/7487126
ниже порога 4,below the threshold 4,Rachel McShane & The Cartographers,"вс, 11 октября, 20:00",Cambridge Junction,центр,3.6,S151,Главное на выходные 10–11 октября,https://musiclivecambridge.com/gigs/rachel-mcshane-the-cartographers
ниже порога 4,below the threshold 4,Fun with Fungi,"сб, 3 октября, 10:00",Cambridge University Botanic Garden,центр,3.5,"S001,S052,S069",Главное на выходные 3–4 октября,https://www.museums.cam.ac.uk/events/fun-fungi
ниже порога 4,below the threshold 4,An Introduction to Jewellery: Making a Pendant with Rebecca Ilett,"сб, 10 октября, 10:30",David Parr House,центр,3.5,"S001,S048",Главное на выходные 10–11 октября,https://www.admin.cam.ac.uk/whatson/detail.shtml?uid=e9950438-0831-4625-84e2-0c633a9aea8d
ниже порога 4,below the threshold 4,It Walks Around The House At Night,2–3 октября,Theatre Royal,до часа,3.4,S126,Главное на выходные 3–4 октября,https://theatreroyal.org/events/it-walks-around-the-house-at-night/
ниже порога 4,below the threshold 4,"Locked In Tour w/ Alcemist, X-ESS, Yasmin C + More (DNB)","сб, 3 октября, 20:00",The Lounge St Ives,до 30 мин,3.4,"S007,S129",Главное на выходные 3–4 октября,https://www.skiddle.com/whats-on/Peterborough/The-Lounge-St-Ives/Locked-In-Tour-w-Alcemist-X-ESS-Yasmin-C--More--DNB/42604855/
ниже порога 4,below the threshold 4,Dowsing at Wandlebury Park,"сб, 3 октября",Wandlebury Country Park,до 30 мин,3.3,"S005,S131",Главное на выходные 3–4 октября,https://cambridge105.co.uk/event/dowsing-at-wandlebury-park/
ниже порога 4,below the threshold 4,Space,"сб, 10 октября, 18:30",MASH Cambridge,центр,3.3,S151,Главное на выходные 10–11 октября,https://musiclivecambridge.com/gigs/space
ниже порога 4,below the threshold 4,EMALEXIAN Paranormal Investigation - British Schools Museum,"сб, 10 октября, 19:00",British Schools Museum,до часа,3.3,"S007,S129",Главное на выходные 10–11 октября,https://www.skiddle.com/whats-on/Stevenage/British-Schools-Museum/EMALEXIAN-Paranormal-Investigation---British-Schools-Museum/42428013/
ниже порога 4,below the threshold 4,Kris Barras Band,"вс, 11 октября, 18:30",MASH Cambridge,центр,3.3,S151,Главное на выходные 10–11 октября,https://musiclivecambridge.com/gigs/kris-barras-band
ниже порога 4,below the threshold 4,High Notes and Low Jokes,"чт, 1 октября",The Maltings,до 30 мин,3.3,"S008,S113",За городом (до часа),https://www.eventbrite.co.uk/e/high-notes-and-low-jokes-tickets-1987774899233
ниже порога 4,below the threshold 4,Producer Lab led by Roxanne Carney | Cambridge Junction,до 7 октября,Cambridge Junction,центр,3.2,S012,Главное на выходные 3–4 октября,https://www.junction.co.uk/events/producer-lab-led-by-roxanne-carney/
ниже порога 4,below the threshold 4,The Sampson Orchestra of Cambridge – 40th Anniversary,"сб, 3 октября",West Road Concert Hall,центр,3.2,S005,Главное на выходные 3–4 октября,https://cambridge105.co.uk/event/the-sampson-orchestra-of-cambridge-40th-anniversary/
ниже порога 4,below the threshold 4,Abington Festival of Running,"вс, 4 октября","Cambridge, Cambridgeshire",до 30 мин,3.2,"S148,S152",Главное на выходные 3–4 октября,https://findarace.com/events/abington-festival-of-running
ниже порога 4,below the threshold 4,"Cambridge Rock 'n Roll Club - ""JOHNNY RED""","вс, 11 октября",Abbey Lounge,центр,3.2,"S011,S072,S091",Главное на выходные 10–11 октября,https://www.cornex.co.uk/events/cambridge-rock-n-roll-club-johnny-red
ниже порога 4,below the threshold 4,The Friends of Ely Cathedral at 90 Exhibition,до 9 октября,Ely Cathedral,до 30 мин,3.1,S071,Главное на выходные 3–4 октября,https://www.elycathedral.org/events/friends-exhibition
ниже порога 4,below the threshold 4,"Lies, Spies and Double-Dealing: A Cambridge Spy Tour",2–11 октября,Great St Mary's Church,центр,3.1,S048,Главное на выходные 3–4 октября,https://www.admin.cam.ac.uk/whatson/detail.shtml?uid=86eef23d-15e8-4fee-9d08-fd45cba64ed4
ниже порога 4,below the threshold 4,Harvest Weekend,"вс, 11 октября",Ely Cathedral,до 30 мин,3.1,S071,Главное на выходные 10–11 октября,https://www.elycathedral.org/events/harvest-weekend
ниже порога 4,below the threshold 4,Through A Judas Window | Cambridge Junction,"вс, 11 октября, 19:30",Cambridge Junction,центр,3.1,S012,Главное на выходные 10–11 октября,https://www.junction.co.uk/events/through-a-judas-window/
ниже порога 4,below the threshold 4,90s Silent Disco,"пт, 2 октября",Ely Cathedral,до 30 мин,3.1,S071,За городом (до часа),https://www.elycathedral.org/events/silent-disco-2
ниже порога 4,below the threshold 4,I'm a Groomer... Get Me Out of Hair!,"сб, 3 октября",Fen Drayton Village Hall,до 30 мин,3.0,S008,Главное на выходные 3–4 октября,https://www.eventbrite.com/e/im-a-groomer-get-me-out-of-hair-tickets-1986342859965
ниже порога 4,below the threshold 4,The Fillers plus support from The Blokes (The Strokes Tribute),"сб, 3 октября, 20:00",The Maltings Ely,до 30 мин,3.0,"S007,S129",Главное на выходные 3–4 октября,https://www.skiddle.com/whats-on/Cambridge/The-Maltings-Ely/The-Fillers-plus-support-from-The-Blokes-The-Strokes-Tribute/41991356/
ниже порога 4,below the threshold 4,Bridging Binaries LGBTQ+ Tour,"сб, 10 октября, 14:30",Museum of Classical Archaeology,центр,3.0,"S001,S052",Главное на выходные 10–11 октября,https://www.museums.cam.ac.uk/events/bridging-binaries-lgbtq-tour-42
ниже порога 4,below the threshold 4,Studio Sunday Relaxed Session,"вс, 11 октября",Kettle's Yard,центр,3.0,"S001,S052",Главное на выходные 10–11 октября,https://www.museums.cam.ac.uk/events/studio-sunday-relaxed-session-23
ниже порога 4,below the threshold 4,Studio Sunday,"вс, 11 октября, 13:00",Kettle's Yard,центр,3.0,"S001,S052",Главное на выходные 10–11 октября,https://www.museums.cam.ac.uk/events/studio-sunday-55
ниже порога 4,below the threshold 4,Flow Cytometry Courses - October 2026,5–9 октября,"Kings Hedges Meeting Room, Cambridge Building and Alec Bangham Room, Riverside meeting rooms",до 30 мин,3.0,S008,За городом (до часа),https://www.eventbrite.co.uk/e/flow-cytometry-courses-october-2026-tickets-1862606489149
ниже порога 4,below the threshold 4,The Charlotte Carrivick Band at Stapleford Granary,"сб, 3 октября",Stapleford Granary,до 30 мин,2.9,S005,Главное на выходные 3–4 октября,https://cambridge105.co.uk/event/the-charlotte-carrivick-band-at-stapleford-granary/
ниже порога 4,below the threshold 4,Academy of Great St Mary's Music Marathon,"сб, 10 октября, 11:00",Great St.Mary's Church,центр,2.9,S048,Главное на выходные 10–11 октября,https://www.admin.cam.ac.uk/whatson/detail.shtml?uid=21178126-7874-4af1-981d-823760bd04e9
ниже порога 4,below the threshold 4,Ultimate Rave Bingo // Cambridge // Saturday 10th October,"сб, 10 октября, 17:30",Vinyl,центр,2.9,"S007,S129",Главное на выходные 10–11 октября,https://www.skiddle.com/whats-on/Cambridge/Vinyl/Ultimate-Rave-Bingo--Cambridge--Saturday-10th-October/41600600/
ниже порога 4,below the threshold 4,CAMBRIDGE: Flamenco from Spain | Rebeca Ortega-Ramon Ruiz.,"вс, 11 октября",Wesley Methodist Church,центр,2.9,S008,Главное на выходные 10–11 октября,https://www.eventbrite.co.uk/e/cambridge-flamenco-from-spain-rebeca-ortega-ramon-ruiz-tickets-1997153888041
ниже порога 4,below the threshold 4,Hamlet by in situ,"сб, 3 октября, 20:00",Leper Chapel,центр,2.8,S131,Главное на выходные 3–4 октября,https://cambridgeppf.org/etn/hamlet-by-in-situ-3/
ниже порога 4,below the threshold 4,Sunset Social (Fundraiser),"сб, 3 октября",KIKI,центр,2.7,S008,Главное на выходные 3–4 октября,https://www.eventbrite.co.uk/e/sunset-social-fundraiser-tickets-1991769193274
ниже порога 4,below the threshold 4,40th Anniversary Concert - Season 1,"сб, 3 октября, 19:30",West Road Concert Hall,центр,2.7,S151,Главное на выходные 3–4 октября,https://musiclivecambridge.com/gigs/40th-anniversary-concert-season-1-west-road-concer
ниже порога 4,below the threshold 4,"Panic At The Emo Day Party at Kiki, Cambridge","сб, 10 октября, 16:00",Kiki Cambridge,центр,2.7,S007,Главное на выходные 10–11 октября,https://www.skiddle.com/whats-on/Cambridge/Kiki-Cambridge/Panic-At-The-Emo-Day-Party-at-Kiki-Cambridge/42737575/
ниже порога 4,below the threshold 4,RAREsummit26,"ср, 7 октября, 09:00",Wellcome Genome Campus Conference Centre,до 30 мин,2.7,S048,За городом (до часа),https://www.admin.cam.ac.uk/whatson/detail.shtml?uid=67051262-11ff-4b9a-be7b-5470517c2db0
ниже порога 4,below the threshold 4,Piano Bar @ De Luca - Saturdays!,3–4 октября,De Luca Cucina & Bar,центр,2.6,S008,Главное на выходные 3–4 октября,https://www.eventbrite.co.uk/e/piano-bar-de-luca-saturdays-tickets-1999257001510
ниже порога 4,below the threshold 4,Richie Ros at Cottenham Communty Centre,"вс, 4 октября",Cottenham Community Centre and Coffee Shop,до 30 мин,2.6,S005,Главное на выходные 3–4 октября,https://cambridge105.co.uk/event/richie-ros-at-cottenham-communty-centre/
ниже порога 4,below the threshold 4,"Sex and the City: Cambridge Women, Town and Gown (n)","вс, 4 октября",The Round Church,центр,2.6,"S008,S048",Главное на выходные 3–4 октября,https://www.eventbrite.co.uk/e/sex-and-the-city-cambridge-women-town-and-gown-n-tickets-1358088793139
ниже порога 4,below the threshold 4,"The Janzen Boys Live at Eversden Village Hall in Cambridge, UK","сб, 10 октября",Eversden Village Hall,до 30 мин,2.6,S008,Главное на выходные 10–11 октября,https://www.eventbrite.ca/e/the-janzen-boys-live-at-eversden-village-hall-in-cambridge-uk-tickets-1998508040347
ниже порога 4,below the threshold 4,An Evening of Vocal Jazz with Hannah Campbell,"сб, 10 октября",Grape Britannia,центр,2.6,S008,Главное на выходные 10–11 октября,https://www.eventbrite.com/e/an-evening-of-vocal-jazz-with-hannah-campbell-tickets-1999253844066
ниже порога 4,below the threshold 4,It's MUGA on the Dancefloor - A Funk Soul Disco,"сб, 10 октября",Fairycroft House Media & Arts Centre,до 30 мин,2.6,S128,Главное на выходные 10–11 октября,https://www.ents24.com/saffron-walden-events/fairycroft-house-media-and-arts-centre/its-muga-on-the-dancefloor-a-funk-soul-disco/7528392
ниже порога 4,below the threshold 4,Hex presents: Our Autumn,"сб, 10 октября, 19:30","St John the Evangelist Church Hills Road, Cambridge, Cambridgeshire CB2 8RN",центр,2.6,S001,Главное на выходные 10–11 октября,https://www.visitcambridge.org/event/hex-presents-our-autumn/
ниже порога 4,below the threshold 4,Sunday Comedy,"вс, 11 октября",The Rose,до часа,2.6,S128,Главное на выходные 10–11 октября,https://www.ents24.com/biggleswade-events/the-rose/sunday-comedy/7533699
ниже порога 4,below the threshold 4,Fordham Car Boot Sale,"вс, 11 октября, 06:30",Fordham,до 30 мин,2.6,S148,Главное на выходные 10–11 октября,https://carbootdirectory.co.uk/county/cambridgeshire
ниже порога 4,below the threshold 4,CamRARE's RAREsummit26,"ср, 7 октября",Wellcome Genome Campus Conference Centre,до 30 мин,2.6,S008,За городом (до часа),https://www.eventbrite.co.uk/e/camrares-raresummit26-tickets-1981162447211
ниже порога 4,below the threshold 4,Escape Room - The Thief and the Highwayman,"чт, 8 октября",Royston Museum,до 30 мин,2.6,S153,За городом (до часа),https://www.roystonmuseum.org.uk/what-s-on
ниже порога 4,below the threshold 4,Hidden Histories,1–10 октября,The Polar Museum,центр,2.5,S048,Главное на выходные 3–4 октября,https://www.admin.cam.ac.uk/whatson/detail.shtml?uid=0e452104-d4f5-4152-8e7f-533aae0daf6a
ниже порога 4,below the threshold 4,Cambridge's Vintage Kilo Sale,"сб, 3 октября",St. Paul's Church and Community Centre,центр,2.5,S008,Главное на выходные 3–4 октября,https://www.eventbrite.co.uk/e/cambridges-vintage-kilo-sale-tickets-1996234227311
ниже порога 4,below the threshold 4,Cars and Coffee Cambridge,"сб, 3 октября",Grange Farm,до 30 мин,2.5,S008,Главное на выходные 3–4 октября,https://www.eventbrite.co.uk/e/cars-and-coffee-cambridge-tickets-1977294716725
ниже порога 4,below the threshold 4,"Mundane Victorian semi to designer deep retrofit eco home, Sedgwick St","сб, 3 октября",Sedgwick Street,центр,2.5,S008,Главное на выходные 3–4 октября,https://www.eventbrite.co.uk/e/mundane-victorian-semi-to-designer-deep-retrofit-eco-home-sedgwick-st-tickets-1998355761878
ниже порога 4,below the threshold 4,NCT Cambridge Autumn Nearly New Sale,"сб, 3 октября",Cambridge Regional College,до 30 мин,2.5,S008,Главное на выходные 3–4 октября,https://www.eventbrite.co.uk/e/nct-cambridge-autumn-nearly-new-sale-tickets-1995768527390
ниже порога 4,below the threshold 4,"The Mayor's home with wall insulation and Solar PV, Abbey Rd.","сб, 3 октября",Abbey Road,центр,2.5,S008,Главное на выходные 3–4 октября,https://www.eventbrite.co.uk/e/the-mayors-home-with-wall-insulation-and-solar-pv-abbey-rd-tickets-1998370909184
ниже порога 4,below the threshold 4,Makani Dabkeh and Drumming Circle 2026,"сб, 3 октября",CB4 2GW,до 30 мин,2.5,S008,Главное на выходные 3–4 октября,https://www.eventbrite.com/e/makani-dabkeh-and-drumming-circle-2026-tickets-1980866994504
ниже порога 4,below the threshold 4,The Fillers,"сб, 3 октября",The Maltings,до 30 мин,2.5,S128,Главное на выходные 3–4 октября,https://www.ents24.com/ely-events/the-maltings/the-fillers/7432976
ниже порога 4,below the threshold 4,"A Little Book of Autumn Pressed Botanicals, Zine Folding & Tea 秋分 · Autumn Equinox","сб, 3 октября",Ely,до 30 мин,2.5,S113,Главное на выходные 3–4 октября,https://www.visitely.org.uk/whats-on/uncategorized/a-little-book-of-autumn-pressed-botanicals-zine-folding-tea-%e7%a7%8b%e5%88%86-%c2%b7-autumn-equinox/
ниже порога 4,below the threshold 4,Edmund and the Great Heathen Army,"сб, 3 октября",Moyse's Hall,до часа,2.5,S148,Главное на выходные 3–4 октября,https://stedmundsline.org.uk/news
ниже порога 4,below the threshold 4,Discover the Science Around Us,3–4 октября,Cambridge Science Centre,до 30 мин,2.5,S054,Главное на выходные 3–4 октября,https://www.cambridgesciencecentre.org/whats-on/discover-the-science-around-us-2/
ниже порога 4,below the threshold 4,The Quirky Wedding Fayre CAMBRIDGESHIRE,"вс, 4 октября",Mill Farm,до 30 мин,2.5,S008,Главное на выходные 3–4 октября,https://www.eventbrite.co.uk/e/the-quirky-wedding-fayre-cambridgeshire-tickets-1859331192649
ниже порога 4,below the threshold 4,Nearly New Bay and Children’s sale,"вс, 4 октября, 11:30","Duxford Community Cemtre Duxford, Cambridge, Cambridgeshire CB22 4RE",до 30 мин,2.5,S001,Главное на выходные 3–4 октября,https://www.visitcambridge.org/event/nearly-new-bay-and-childrens-sale/
ниже порога 4,below the threshold 4,Hinxton Watermill Open Day & Village Tea,"вс, 4 октября, 14:30",Hinxton Watermill,до 30 мин,2.5,S131,Главное на выходные 3–4 октября,https://cambridgeppf.org/etn/hinxton-watermill-open-day-12/
ниже порога 4,below the threshold 4,CAST 2026: King Lear,6–10 октября,ADC Theatre,центр,2.5,S042,Главное на выходные 10–11 октября,https://www.adctheatre.com/whats-on/play/king-lear/
ниже порога 4,below the threshold 4,Cambridge Poetry Festival,10–12 октября,Various,центр,2.5,S005,Главное на выходные 10–11 октября,https://cambridge105.co.uk/event/cambridge-poetry-festival/
ниже порога 4,below the threshold 4,Cambridge Card Event at VGCoffee,"сб, 10 октября",VG Coffee,до 30 мин,2.5,S008,Главное на выходные 10–11 октября,https://www.eventbrite.co.uk/e/cambridge-card-event-at-vgcoffee-tickets-2000841902993
ниже порога 4,below the threshold 4,"Victorian terraced house full retrofit, Hemingford Rd.","сб, 10 октября",Hemingford Road,центр,2.5,S008,Главное на выходные 10–11 октября,https://www.eventbrite.co.uk/e/victorian-terraced-house-full-retrofit-hemingford-rd-tickets-1998434789251
ниже порога 4,below the threshold 4,Farm and Craft Market,"сб, 10 октября",St Neots Market Square,до часа,2.5,S105,Главное на выходные 10–11 октября,https://www.stneots-tc.gov.uk/council_events/farm-and-craft-market-4/?event_date=2026-10-10
ниже порога 4,below the threshold 4,Leper Chapel Open Day,"сб, 10 октября, 13:30",Leper Chapel,центр,2.5,S131,Главное на выходные 10–11 октября,https://cambridgeppf.org/etn/leper-chapel-open-day-47/
ниже порога 4,below the threshold 4,Arts Club Cambridge | Pulsar supporting Zeñel,"сб, 10 октября, 19:00",Arts Club,центр,2.5,S150,Главное на выходные 10–11 октября,https://www.cmp.cam.ac.uk/events/event/item/arts-club-cambridge-pulsar-supporting-zenel/
ниже порога 4,below the threshold 4,Curious about Hans Christian Andersen?,"вс, 11 октября",Stapleford Granary,до 30 мин,2.5,S005,Главное на выходные 10–11 октября,https://cambridge105.co.uk/event/curious-about-hans-christian-andersen/
ниже порога 4,below the threshold 4,Sculpt & Paint Pottery Class - Cambridge,"вс, 11 октября","Longstanton, Cambridge",до 30 мин,2.5,S008,Главное на выходные 10–11 октября,https://www.eventbrite.co.uk/e/sculpt-paint-pottery-class-cambridge-tickets-1990559005570
ниже порога 4,below the threshold 4,Great Fen Apple and Harvest Fair,"вс, 11 октября, 11:00",Ramsey Rural Museum CIO,до часа,2.5,S148,Главное на выходные 10–11 октября,https://allevents.in/ramsey-en/all
ниже порога 4,below the threshold 4,Pride in Nature LGBTQ+ tour,"вс, 11 октября, 13:00",Museum of Zoology,центр,2.5,S052,Главное на выходные 10–11 октября,https://www.museums.cam.ac.uk/events/pride-nature-lgbtq-tour-11
ниже порога 4,below the threshold 4,Healthy Walking at Wandlebury,"чт, 1 октября и чт, 8 октября",Wandlebury Country Park,до 30 мин,2.5,S131,За городом (до часа),https://cambridgeppf.org/etn/healthy-walking-at-wandlebury-2/healthy-walking-at-wandlebury-15/
ниже порога 4,below the threshold 4,Outdoor Mini Retreat,"пт, 2 октября, 10:00",Wandlebury Country Park,до 30 мин,2.5,S131,За городом (до часа),https://cambridgeppf.org/etn/outdoor-mini-retreat-24/
ниже порога 4,below the threshold 4,Calm under the Canopy,"пт, 2 октября, 15:00",Wandlebury Country Park,до 30 мин,2.5,S131,За городом (до часа),https://cambridgeppf.org/etn/calm-under-the-canopy-copy/
ниже порога 4,below the threshold 4,Volunteer Work Party,"вт, 6 октября, 10:30",Wandlebury Country Park,до 30 мин,2.5,S131,За городом (до часа),https://cambridgeppf.org/etn/volunteer-work-party-26/
ниже порога 4,below the threshold 4,Blackwork Embroidery Caps with Steph Norwood,"вт, 6 октября, 18:30","Northstowe Tap and Social Unit 2, The Mount, Station Rd, Northstowe, Cambridgeshire CB24 3DS",до 30 мин,2.5,S001,За городом (до часа),https://www.visitcambridge.org/event/blackwork-embroidery-caps-with-steph-norwood/
ниже порога 4,below the threshold 4,Ghost Walk with Grace Chapman,"ср, 7 октября",The Old Court,до часа,2.5,S105,За городом (до часа),https://www.stneots-tc.gov.uk/council_events/ghost-walk-with-grace-chapman/?event_date=2026-10-07
ниже порога 4,below the threshold 4,Woodlands and Wildlife,"ср, 7 октября, 10:30",Wandlebury Country Park,до 30 мин,2.5,S131,За городом (до часа),https://cambridgeppf.org/etn/woodlands-and-wildlife-4/
ниже порога 4,below the threshold 4,Muisc for choir and brass,"вс, 4 октября, 15:00",St. Botolph's Church,центр,2.4,S048,Главное на выходные 3–4 октября,https://www.admin.cam.ac.uk/whatson/detail.shtml?uid=5482082a-f72a-48bc-9c07-febec1457e35
ниже порога 4,below the threshold 4,We Will Rock You,до 3 октября,ADC Theatre,центр,2.3,S042,Главное на выходные 3–4 октября,https://www.camdram.net/shows/2026-we-will-rock-you
ниже порога 4,below the threshold 4,HEART OF THE BEAST,до 5 октября,Arts Picturehouse,центр,2.3,S045,Главное на выходные 3–4 октября,https://www.picturehouses.com/movie-details/000/HO00018554/heart-of-the-beast?filter=
ниже порога 4,below the threshold 4,Her Private Hell,до 5 октября,Arts Picturehouse,центр,2.3,S045,Главное на выходные 3–4 октября,https://www.picturehouses.com/cinema/arts-picturehouse-cambridge
ниже порога 4,below the threshold 4,Hope,до 5 октября,Arts Picturehouse,центр,2.3,S045,Главное на выходные 3–4 октября,https://www.picturehouses.com/cinema/arts-picturehouse-cambridge
ниже порога 4,below the threshold 4,Sense and Sensibility,до 5 октября,Arts Picturehouse,центр,2.3,S045,Главное на выходные 3–4 октября,https://www.picturehouses.com/cinema/arts-picturehouse-cambridge
ниже порога 4,below the threshold 4,Ely Record Fair,"сб, 3 октября",The Maltings,до 30 мин,2.3,S128,Главное на выходные 3–4 октября,https://www.ents24.com/ely-events/the-maltings/ely-record-fair/7518823
ниже порога 4,below the threshold 4,Jet Lag: The Game Japanorama Finale,"сб, 3 октября, 17:30",Arts Picturehouse,центр,2.3,S045,Главное на выходные 3–4 октября,https://www.picturehouses.com/movie-details/000/HO00018557/jet-lag-the-game-japanorama-finale?filter=
ниже порога 4,below the threshold 4,MIND Cambridge benefit (10th Oct 26) – The Portland Arms,"сб, 10 октября, 19:30",The Portland Arms,центр,2.2,S151,Главное на выходные 10–11 октября,https://musiclivecambridge.com/gigs/mind-cambridge-benefit-10th-oct-26-the-portland-ar
ниже порога 4,below the threshold 4,Finance Leadership Programme - Cambridge,"чт, 8 октября",Maurice Wilkes Building,до 30 мин,2.2,S008,За городом (до часа),https://www.eventbrite.co.uk/e/finance-leadership-programme-cambridge-tickets-1994650479278
ниже порога 4,below the threshold 4,Andy Bowie Quartet,"вс, 4 октября и вс, 11 октября",The Tram Depot,центр,2.0,S151,Главное на выходные 3–4 октября,https://musiclivecambridge.com/gigs/andy-bowie-quartet-20261004
отброшено: в Кембриджшире площадок нет,dropped: в Кембриджшире площадок нет,SuperCamps,,,,,web_search,Каникулы: куда записать ребёнка,
отброшено: на странице только летние даты,dropped: на странице только летние даты,One Leisure St Neots holiday club,,,,,web_search,Каникулы: куда записать ребёнка,
"отброшено: нет дат на этой площадке, только лето","dropped: нет дат на этой площадке, только лето",Kings Camps (The Perse),,,,,web_search,Каникулы: куда записать ребёнка,
отброшено: октябрь 2026 — «not available»,dropped: октябрь 2026 — «not available»,Ultimate Activity Cambridge,,,,,web_search,Каникулы: куда записать ребёнка,
отброшено: только Пасха и лето,dropped: только Пасха и лето,Barracudas Ely,,,,,web_search,Каникулы: куда записать ребёнка,
"открытие найдено поиском, дата неизвестна","открытие найдено поиском, дата неизвестна",Marvin's,,,,,,—,
"открытие найдено поиском, дата неизвестна","открытие найдено поиском, дата неизвестна",River Island,,,,,,—,
"открытие найдено поиском, дата неизвестна","открытие найдено поиском, дата неизвестна",TINDLI Peterborough,,,,,,—,
"подборка («Things to do…»), не событие — разобрана на отдельные события","подборка («Things to do…»), не событие — разобрана на отдельные события",Things to do in Cambridge for Halloween (2026-10-01),,,,,,—,
"постоянный продукт для туристов (evergreen), не событие","evergreen tourist product, not an event",Cambridge Murder Mystery (2024-10-16),,,,,,—,
"постоянный продукт для туристов (evergreen), не событие","evergreen tourist product, not an event",The Wonderful Wizard of Oz Experience – Cambridge (2025-08-16),,,,,,—,
"постоянный продукт для туристов (evergreen), не событие","evergreen tourist product, not an event",Discover Cambridge: The Ultimate City Exploration Game (2026-05-09),,,,,,—,
"постоянный продукт для туристов (evergreen), не событие","evergreen tourist product, not an event",Cambridge Bank Heist Experience (2026-07-01),,,,,,—,
равная оценка — выбор модели,equal score — the model's choice,Dick Valentine (Electric Six),"пт, 9 октября, 18:30",MASH Cambridge,центр,4.9,S151,"На неделе: концерты, театр, комедия",https://musiclivecambridge.com/gigs/dick-valentine-electric-six
равная оценка — выбор модели,equal score — the model's choice,Spark Art Club,"чт, 8 октября, 16:00",Royston Museum,до 30 мин,3.0,"S148,S153",Бесплатно,https://www.roystonmuseum.org.uk/what-s-on
равная оценка — выбор модели,equal score — the model's choice,STEMtots – Space Exploration,"пт, 2 октября, 09:30",Cambridge Science Centre,до 30 мин,2.5,S054,С детьми,https://www.cambridgesciencecentre.org/whats-on/stemtots-space-exploration/
равная оценка — выбор модели,equal score — the model's choice,Museum Tots - Shopping,"ср, 7 октября",Royston Museum,до 30 мин,2.5,S153,С детьми,https://www.roystonmuseum.org.uk/what-s-on
равная оценка — выбор модели,equal score — the model's choice,STEMtots – Marvellous Magnets,"пт, 9 октября, 09:30",Cambridge Science Centre,до 30 мин,2.5,S054,С детьми,https://www.cambridgesciencecentre.org/whats-on/stemtots-marvellous-magnets/
равная оценка — выбор модели,equal score — the model's choice,Greggs,Скоро откроется,"Unit 7A, Cambridge Leisure Park, Clifton Way, Cambridge",,,S004,Новое в городе,https://www.cambridge-news.co.uk/news/cambridge-news/new-greggs-open-city-despite-34670020
равная оценка — выбор модели,equal score — the model's choice,Tea Apothecary,Недавно открылось,"Magdalene Street, Cambridge",,,S002,Новое в городе,https://www.whatsonincambridge.com/the-magic-of-the-tea-apothecary/?utm_source=rss&utm_medium=rss&utm_campaign=the-magic-of-the-tea-apothecary
равная оценка — выбор модели,equal score — the model's choice,Gorilla + Lamb,Открылось в сентябре,"The Portland Arms, Cambridge",,,S087,Новое в городе,https://cambridgefoodies.me.uk/2026/09/06/gorilla-lamb-are-back-at-the-portland-arms/
равная оценка — выбор модели — дубликат V50,equal score — the model's choice — duplicate of V50,Tenpin,Скоро откроется,"Queensgate, Peterborough",,,S116,Новое в городе,https://www.huntspost.co.uk/news/26579122.new-20-lane-tenpin-bowling-venue-queensgate-peterborough/
"равная оценка — выбор модели — за пределами Кембриджа, уже достаточно сильных кембриджских пунктов","equal score — the model's choice — outside Cambridge, already have enough strong Cambridge items",Ephesus Turkish Restaurant,Открылось в августе,Saffron Walden,,,S087,Новое в городе,https://cambridgefoodies.me.uk/2026/08/28/ephesus-turkish-restaurant-comes-to-saffron-walden/
равная оценка — выбор модели — не в зоне выпуска,equal score — the model's choice — out of area,Umami World Buffet,Скоро откроется,"Queensgate, Peterborough",,,S004,Новое в городе,https://www.cambridge-news.co.uk/whats-on/whats-on-news/entertainment-giant-open-new-branch-34655037
"равная оценка — выбор модели — не в зоне выпуска, боулинг ещё готовится к открытию","equal score — the model's choice — out of area, bowling alley still coming soon rather than open",Tenpin,Скоро откроется,"Queensgate, Peterborough",,,S004,Новое в городе,https://www.cambridge-news.co.uk/whats-on/whats-on-news/entertainment-giant-open-new-branch-34655037
"равная оценка — выбор модели — не в зоне выпуска, приоритет отдан кембриджским новостям","equal score — the model's choice — out of area, prioritised Cambridge items",TG Jones,Закрылось 9 января 2027,"Bridge Street, Peterborough",,,S093,Новое в городе,https://www.cambridge-news.co.uk/news/local-news/city-centres-only-post-office-34649519
равная оценка — выбор модели — не развлекательное заведение,equal score — the model's choice — not a leisure venue,Lake View Bereavement Centre,Открылось 11 сентября,"Chatteris Road, Mepal",,,S004,Новое в городе,https://www.cambridge-news.co.uk/news/local-news/new-crematorium-evacuated-just-weeks-34672641
"равная оценка — выбор модели — не указано местоположение, слишком мало сведений","equal score — the model's choice — no location given, too little detail",Farmer Freeman,Закрылось 24 октября,,,,S148,Новое в городе,https://www.farmerfreeman.uk/
"равная оценка — выбор модели — небольшое локальное обновление, новые номера ещё не построены","equal score — the model's choice — minor local update, new rooms not yet built",The Three Horseshoes,Открылось,Madingley,,,S004,Новое в городе,https://www.cambridge-news.co.uk/news/local-news/pub-given-go-ahead-build-34671902
"равная оценка — выбор модели — повторное открытие относится к 2025 году, не свежая новость","equal score — the model's choice — reopening dates back to 2025, not fresh news",The Crown,Открылось,"Fordham, Ely",,,S004,Новое в городе,https://www.cambridge-news.co.uk/whats-on/ely-pub-named-one-uks-34645080
равная оценка — выбор модели — пока «скоро открытие» без подтверждённой даты,equal score — the model's choice — still 'coming soon' with no confirmed opening date,Hickory's Smokehouse,Скоро откроется,"Milton Arms, Cambridge",,,S087,Новое в городе,https://cambridgefoodies.me.uk/2026/06/19/hickorys-smokehouse-comes-to-cambridgeshire/
равная оценка — выбор модели — слишком мало сведений для полноценного описания,equal score — the model's choice — too little detail to write a real description,The Grafton Ping Pong Parlour,Открылось в августе,"The Grafton, Cambridge",,,S148,Новое в городе,https://bbc.com.im/news/articles/czxe3w1qr0no
равная оценка — выбор модели — уже выбрано шесть сильных кембриджских пунктов,equal score — the model's choice — already six strong Cambridge items chosen,Grain Kitchen & Bar,Открылось в августе,"Ely Leisure Park, Ely",,,S087,Новое в городе,https://cambridgefoodies.me.uk/2026/08/10/elys-newest-restaurant-grain-kitchen-bar/
распродано,sold out,Kids K-Pop Party - Cambridge (2026-10-03),,,,,,—,
регистрация участников — «Спорт → Поучаствовать»,participant registration — Sport → Take part,12-hour indoor triathlon,"вт, 27 октября, 08:00",Delta Hotels by Marriott Huntingdon,до часа,3.5,S116,Новые анонсы,https://www.huntspost.co.uk/news/26578189.hunts-community-cancer-network-hold-12-hour-triathlon/
регистрация участников — «Спорт → Поучаствовать»,participant registration — Sport → Take part,12-hour indoor triathlon,"вт, 27 октября, 08:00 · в продаже с 24 сентября",Delta Hotels by Marriott Huntingdon,до часа,3.5,S116,Успейте купить билеты,https://www.huntspost.co.uk/news/26578189.hunts-community-cancer-network-hold-12-hour-triathlon/
сетевой фастфуд за пределами Кембриджа,сетевой фастфуд за пределами Кембриджа,KFC,,,,,,—,
сетевой фастфуд за пределами Кембриджа,сетевой фастфуд за пределами Кембриджа,Burger King Peterborough,,,,,,—,
сокращено по длине выпуска (оценка 2.5),cut for issue length (score 2.5),"Get Curious, Get Creative, Get Scientific",10–11 октября,Cambridge Science Centre,до 30 мин,2.5,S054,Главное на выходные 10–11 октября,https://www.cambridgesciencecentre.org/whats-on/get-curious-get-creative-get-scientific/
сокращено по длине выпуска (оценка 2.5),cut for issue length (score 2.5),"Spotlight Talk: Women Weavers: Thread, Memory, Identity","ср, 7 октября, 13:00",Kettle's Yard,центр,2.5,S052,Лекции и встречи,https://www.museums.cam.ac.uk/events/spotlight-talk-women-weavers-thread-memory-identity
сокращено по длине выпуска (оценка 2.5),cut for issue length (score 2.5),Toddler Time: Toys & Games,"чт, 1 октября",St Neots Museum,до часа,2.5,S105,С детьми,https://www.stneots-tc.gov.uk/council_events/11582/
сокращено по длине выпуска (оценка 3),cut for issue length (score 3),Ten Good Years,до 11 октября,"The Heong Gallery Downing College, Cambridge, UK CB2 1DQ",центр,3.0,S001,Главное на выходные 3–4 октября,https://www.visitcambridge.org/event/ten-good-years/
сокращено по длине выпуска (оценка 3.3),cut for issue length (score 3.3),Grafham Water Trail Races,"вс, 11 октября","Marlow Park, Grafham Water, Grafham, Huntingdon, Cambridgeshire. PE28 0BH.",до часа,3.3,"S148,S152",Главное на выходные 10–11 октября,https://findarace.com/events/grafham-water-trail-races
сокращено по длине выпуска (оценка 4.5),cut for issue length (score 4.5),"A Mughal Songbook: Art, Music and Empire",до 7 марта 2027,Fitzwilliam Museum,центр,4.5,"S001,S048,S050,S052",Главное на выходные 3–4 октября,https://fitzmuseum.cam.ac.uk/plan-your-visit/exhibitions/a-mughal-songbook-art-music-and-empire
статус cancelled,статус cancelled,MILOŠ & Ksenija Sidorova (2026-10-03),,,,,,—,
"узкий семинар, не публичная лекция","specialist seminar, not a public lecture","Rethinking axion dark matter - Subir Sarkar, Oxford University","пт, 9 октября, 16:00",MR19 (Potter Room,центр,3.4,S047,Лекции и встречи,https://talks.cam.ac.uk/talk/index/273114
"узкий семинар, не публичная лекция","specialist seminar, not a public lecture",2026 European SIFT-MS Symposium,"ср, 7 октября",WYNG Gardens,центр,3.0,S008,Лекции и встречи,https://www.eventbrite.com/e/2026-european-sift-ms-symposium-tickets-1992630645902
"узкий семинар, не публичная лекция","specialist seminar, not a public lecture","UOTe Under Extreme Conditions: Exploring a Layered Uranium Antiferromagnet - Zackary Rehfuss, Washington University in St. Louis","вт, 6 октября, 11:30",RDC Seminar Room: D2.002,центр,2.6,S047,Лекции и встречи,https://talks.cam.ac.uk/talk/index/272767
"узкий семинар, не публичная лекция","specialist seminar, not a public lecture",Can a Machine Discover Quantum Phases on Its Own? - Yuxuan Zhang,"чт, 8 октября, 14:00",Seminar Room 3,центр,2.6,S047,Лекции и встречи,https://talks.cam.ac.uk/talk/index/272605
"узкий семинар, не публичная лекция","specialist seminar, not a public lecture",Biochemistry Postdoc Symposium 2026,до 1 октября,"Department of Biochemistry, Sanger Building, University of Cambridge",центр,2.5,S008,Лекции и встречи,https://www.eventbrite.co.uk/e/biochemistry-postdoc-symposium-2026-tickets-1994659080003
