reason_ru,reason_en,title,date,venue,zone,score,sources,rubric,url
"Кембриджшир, дальше часа: в «Главное» только от 8",Cambridgeshire beyond an hour: The weekend only from 8,Trance Central Peterborough The 1st Birthday with Lange!,"сб, 10 октября, 17:00",Velvet Panache,"Кембриджшир, дальше часа",3.5,S129,Главное на выходные 10–11 октября,https://www.skiddle.com/whats-on/Peterborough/Velvet-Panache/Trance-Central-Peterborough-The-1st-Birthday-with-Lange/42434986/
"Кембриджшир, дальше часа: в «Главное» только от 8",Cambridgeshire beyond an hour: The weekend only from 8,Oktoberfest - Buzz Bingo Peterborough,"сб, 10 октября и вс, 11 октября",Buzz Bingo Peterborough,"Кембриджшир, дальше часа",3.1,S129,Главное на выходные 10–11 октября,https://www.skiddle.com/whats-on/Peterborough/Buzz-Bingo-Peterborough/Oktoberfest---Buzz-Bingo-Peterborough/42750058/
"Кембриджшир, дальше часа: в «Главное» только от 8",Cambridgeshire beyond an hour: The weekend only from 8,Sensory Screening - Shaun the Sheep: The Beast of Mossy Bottom,до 12 октября,The Luxe Cinema,"Кембриджшир, дальше часа",2.5,S182,Главное на выходные 10–11 октября,https://wisbechcinema.co.uk/
"Кембриджшир, дальше часа: в «Главное» только от 8",Cambridgeshire beyond an hour: The weekend only from 8,"A Just Transition: Jobs, People, Planet","сб, 10 октября",St Peter’s Church Hall,"Кембриджшир, дальше часа",2.5,S128,Главное на выходные 10–11 октября,https://www.ents24.com/wisbech-events/st-peters-church-hall/a-just-transition-jobs-people-planet/7535334
"Кембриджшир, дальше часа: в «Главное» только от 8",Cambridgeshire beyond an hour: The weekend only from 8,Dis-Obey - The Sound of Disney - in a club night!,"сб, 10 октября, 21:00",The Met Lounge,"Кембриджшир, дальше часа",2.3,S129,Главное на выходные 10–11 октября,https://www.skiddle.com/whats-on/Peterborough/The-Met-Lounge/Dis-Obey---The-Sound-of-Disney---in-a-club-night/42286689/
в данных нет содержательного факта для описания,no substantive fact in the data for a description,Peterborough Positive Christmas family film screening,"сб, 21 ноября","Odeon Luxe, Peterborough","Кембриджшир, дальше часа",3.5,S004,Новые анонсы,https://www.cambridge-news.co.uk/whats-on/whats-on-news/exactly-peterboroughs-christmas-lights-switched-34694878
в данных нет содержательного факта для описания,no substantive fact in the data for a description,Queensgate shopping centre Christmas light switch-on,"сб, 21 ноября, 11:30","Queensgate shopping centre, Peterborough","Кембриджшир, дальше часа",3.5,S004,Новые анонсы,https://www.cambridge-news.co.uk/whats-on/whats-on-news/exactly-peterboroughs-christmas-lights-switched-34694878
в данных нет содержательного факта для описания,no substantive fact in the data for a description,St John's Church Christmas fair,"сб, 28 ноября, 10:00","St John's Church, Cathedral Square, Peterborough","Кембриджшир, дальше часа",3.5,S004,Новые анонсы,https://www.cambridge-news.co.uk/whats-on/whats-on-news/exactly-peterboroughs-christmas-lights-switched-34694878
в данных нет содержательного факта для описания,no substantive fact in the data for a description,St John's Church Christmas fair,"сб, 5 декабря, 10:00","St John's Church, Cathedral Square, Peterborough","Кембриджшир, дальше часа",3.5,S004,Новые анонсы,https://www.cambridge-news.co.uk/whats-on/whats-on-news/exactly-peterboroughs-christmas-lights-switched-34694878
в данных нет содержательного факта для описания,no substantive fact in the data for a description,"Water, Nature and Resilience in Cambridgeshire: Turning Challenges into Action","пн, 12 октября",Churchill College,центр,2.5,S169,Лекции и встречи,https://www.chu.cam.ac.uk/event/water-nature-and-resilience-in-cambridgeshire-turning-challenges-into-action/
в полном списке программ (лимит строк в письме),in the full list of programmes (line limit of the issue),Adventure Camps — Multi-Activity Camp - Perform,21 декабря – 1 января 2027,Stephen Perse School,центр,,kids_collector,Каникулы: куда записать ребёнка,https://adventure-camps.co.uk/adventure-camps-this-holiday-season
в полном списке программ (лимит строк в письме),in the full list of programmes (line limit of the issue),Adventure Camps — Multi-Activity Camp - Survival,21 декабря – 1 января 2027,Stephen Perse School,центр,,kids_collector,Каникулы: куда записать ребёнка,https://adventure-camps.co.uk/adventure-camps-this-holiday-season
в полном списке программ (лимит строк в письме),in the full list of programmes (line limit of the issue),Adventure Camps — Young Leaders Programme,21 декабря – 1 января 2027,Stephen Perse School,центр,,kids_collector,Каникулы: куда записать ребёнка,https://adventure-camps.co.uk/adventure-camps-this-holiday-season
в полном списке программ (лимит строк в письме),in the full list of programmes (line limit of the issue),Adventure Camps — Multi-Activity Camp - Perform,21 декабря – 1 января 2027,Stephen Perse School,центр,,kids_collector,Каникулы: куда записать ребёнка,https://adventure-camps.co.uk/holiday-camps-update
в полном списке программ (лимит строк в письме),in the full list of programmes (line limit of the issue),Adventure Camps — Multi-Activity Camp - Survival,21 декабря – 1 января 2027,Stephen Perse School,центр,,kids_collector,Каникулы: куда записать ребёнка,https://adventure-camps.co.uk/holiday-camps-update
в полном списке программ (лимит строк в письме),in the full list of programmes (line limit of the issue),Adventure Camps — Young Leaders Programme,21 декабря – 1 января 2027,Stephen Perse School,центр,,kids_collector,Каникулы: куда записать ребёнка,https://adventure-camps.co.uk/holiday-camps-update
в полном списке программ (лимит строк в письме),in the full list of programmes (line limit of the issue),Barracudas — Roblox Game Development,в школьные каникулы,St Faiths School,центр,,kids_collector,Каникулы: куда записать ребёнка,http://barracudas.co.uk/camps/roblox-cambridge-st-faiths
в полном списке программ (лимит строк в письме),in the full list of programmes (line limit of the issue),Butterflies Forest School — Holiday Club,в школьные каникулы,Wilburton,до 30 мин,,kids_collector,Каникулы: куда записать ребёнка,https://butterfliesforestschool.co.uk/sessions
в полном списке программ (лимит строк в письме),in the full list of programmes (line limit of the issue),The Little Gym Cambridge — Adventure Camp,26–30 октября,The Little Gym,центр,,kids_collector,Каникулы: куда записать ребёнка,https://cambridge.thelittlegym.co.uk/day-camps
в полном списке программ (лимит строк в письме),in the full list of programmes (line limit of the issue),The Little Gym Cambridge — Skill Thrill Camp,26–30 октября,The Little Gym,центр,,kids_collector,Каникулы: куда записать ребёнка,https://cambridge.thelittlegym.co.uk/day-camps
в полном списке программ (лимит строк в письме),in the full list of programmes (line limit of the issue),Cambridge LTC — October Half Term Tennis Camp - 11 to 16 years Junior Improvers,26–30 октября,Cambridge LTC,центр,,kids_collector,Каникулы: куда записать ребёнка,https://cambridgeltc.com/coaching/half-term-tennis-camp
в полном списке программ (лимит строк в письме),in the full list of programmes (line limit of the issue),Cambridge Science Centre — Wisbech Science Centre - Public visits (October half term),26–30 октября,Horsefair Shopping Centre,"Кембриджшир, дальше часа",,kids_collector,Каникулы: куда записать ребёнка,https://www.cambridgesciencecentre.org/opening-times/
в полном списке программ (лимит строк в письме),in the full list of programmes (line limit of the issue),Cambridgeshire Council - Holiday Activities and Food (HAF) Programme — Holiday Activities and Food Programme - Christmas 2026,21–31 декабря,,,,kids_collector,Каникулы: куда записать ребёнка,https://cambridgeshire.gov.uk/council/communities/support-with-the-cost-of-living/holiday-activities-and-food-programme
в полном списке программ (лимит строк в письме),in the full list of programmes (line limit of the issue),Cambridgeshire Council - Holiday Activities and Food (HAF) Programme — Cambridgeshire Holiday Activities and Food (HAF) Programme - Christmas 2026,21–31 декабря,,,,kids_collector,Каникулы: куда записать ребёнка,https://www.cambridgeshire.gov.uk/residents/children-and-families/parenting-and-family-support/cambridgeshire-holiday-activities-and-food-haf-programme
в полном списке программ (лимит строк в письме),in the full list of programmes (line limit of the issue),Cambridge United Football Club — Football Camps,в школьные каникулы,,центр,,kids_collector,Каникулы: куда записать ребёнка,https://www.cambridgeunited.com/cufc-camps
в полном списке программ (лимит строк в письме),in the full list of programmes (line limit of the issue),Cambridge United Football Club — Girls Football Camps,в школьные каникулы,,центр,,kids_collector,Каникулы: куда записать ребёнка,https://www.cambridgeunited.com/cufc-camps
в полном списке программ (лимит строк в письме),in the full list of programmes (line limit of the issue),Cambridge United Football Club — Boys Goalkeeper Camps,в школьные каникулы,,центр,,kids_collector,Каникулы: куда записать ребёнка,https://www.cambridgeunited.com/cufc-camps
в полном списке программ (лимит строк в письме),in the full list of programmes (line limit of the issue),University of Cambridge Holiday Playscheme — October Half Term Holiday Playscheme 2026,26–30 октября,Trumpington Meadows Primary School,до 30 мин,,kids_collector,Каникулы: куда записать ребёнка,https://www.childcare.admin.cam.ac.uk/university-holiday-playscheme
в полном списке программ (лимит строк в письме),in the full list of programmes (line limit of the issue),Churchill Summer Camps — October 2026 Camp,26–30 октября,The Peterborough School,"Кембриджшир, дальше часа",,kids_collector,Каникулы: куда записать ребёнка,https://www.churchillsummercamps.co.uk/camp-info
в полном списке программ (лимит строк в письме),in the full list of programmes (line limit of the issue),Clip 'n Climb Cambridge — HAF Programme: Christmas Holiday Fun,21 декабря – 1 января 2027,Clip 'n Climb Cambridge,центр,,kids_collector,Каникулы: куда записать ребёнка,https://clipnclimbcambridge.co.uk/news-articles/haf-programme-christmas-holiday-fun
в полном списке программ (лимит строк в письме),in the full list of programmes (line limit of the issue),Come and Play Holiday Club — Come and Play Holiday Club,26–30 октября,Park Lane Primary and Nursery School,"Кембриджшир, дальше часа",,kids_collector,Каникулы: куда записать ребёнка,https://comeandplay-holidayclub.co.uk
в полном списке программ (лимит строк в письме),in the full list of programmes (line limit of the issue),Come and Play Holiday Club — Come and Play Holiday Club,21 декабря – 1 января 2027,Park Lane Primary and Nursery School,"Кембриджшир, дальше часа",,kids_collector,Каникулы: куда записать ребёнка,https://comeandplay-holidayclub.co.uk
в полном списке программ (лимит строк в письме),in the full list of programmes (line limit of the issue),Culford Sports and Tennis Centre — October Half Term Holiday Club,26–30 октября,Culford Sports and Tennis Centre,до часа,,kids_collector,Каникулы: куда записать ребёнка,https://culford.co.uk/commercial/sports-and-tennis-centre/holiday-clubs
в полном списке программ (лимит строк в письме),in the full list of programmes (line limit of the issue),David Lloyd Bury St Edmunds — Holiday Club,21 декабря – 1 января 2027,David Lloyd Bury St Edmunds,до часа,,kids_collector,Каникулы: куда записать ребёнка,https://davidlloyd.co.uk/clubs/bury-st-edmunds/club-facilities/kids-club
в полном списке программ (лимит строк в письме),in the full list of programmes (line limit of the issue),Dramatic Moments — Winter Holiday Workshop,21 декабря – 1 января 2027,,центр,,kids_collector,Каникулы: куда записать ребёнка,https://dramaticmoments.co.uk
в полном списке программ (лимит строк в письме),in the full list of programmes (line limit of the issue),HAF Peterborough — Christmas Holiday HAF,21 декабря – 1 января 2027,,до часа,,kids_collector,Каникулы: куда записать ребёнка,https://eequ.org/hafpeterborough
в полном списке программ (лимит строк в письме),in the full list of programmes (line limit of the issue),Gymfinity Kids — October Half Term Holiday Camp,26–30 октября,Gymfinity Kids,центр,,kids_collector,Каникулы: куда записать ребёнка,https://www.gymfinitykids.com/clubs/holiday-camps/cambridge-holiday-camps/
в полном списке программ (лимит строк в письме),in the full list of programmes (line limit of the issue),Gymfinity Kids — Christmas Holiday Camp,21 декабря – 1 января 2027,Gymfinity Kids,центр,,kids_collector,Каникулы: куда записать ребёнка,https://www.gymfinitykids.com/clubs/holiday-camps/cambridge-holiday-camps/
в полном списке программ (лимит строк в письме),in the full list of programmes (line limit of the issue),Haverhill Town Council — Winter Sports Camp,21 декабря – 1 января 2027,,до часа,,kids_collector,Каникулы: куда записать ребёнка,https://haverhill-tc.gov.uk/wp-content/uploads/WSC-HAF-timetable-Winter-2025.pdf
в полном списке программ (лимит строк в письме),in the full list of programmes (line limit of the issue),Kids Club Ely — October Half Term Holiday Club,26–30 октября,Ely St. John's Community Room,до 30 мин,,kids_collector,Каникулы: куда записать ребёнка,https://www.kidsclubely.co.uk/
в полном списке программ (лимит строк в письме),in the full list of programmes (line limit of the issue),Kings Camps — Multi Active,в школьные каникулы,"Kings College School, Cambridge",центр,,kids_collector,Каникулы: куда записать ребёнка,https://kingscamps.org/venue/cambridge-kings-college-school
в полном списке программ (лимит строк в письме),in the full list of programmes (line limit of the issue),Kings Camps — Rookie Academy,в школьные каникулы,"Kings College School, Cambridge",центр,,kids_collector,Каникулы: куда записать ребёнка,https://kingscamps.org/venue/cambridge-kings-college-school
в полном списке программ (лимит строк в письме),in the full list of programmes (line limit of the issue),Milton Country Park / The Outdoor Project — The Outdoor Project Half-Term Sessions,26–29 октября,Milton Country Park,до 30 мин,,kids_collector,Каникулы: куда записать ребёнка,https://www.miltoncountrypark.org/event-details/the-outdoor-project-half-term-sessions-2026-10-26-08-45
в полном списке программ (лимит строк в письме),in the full list of programmes (line limit of the issue),"National Trust - Anglesey Abbey, Gardens and Lode Mill — Paint a pumpkin this half term",26–30 октября,Anglesey Abbey,до 30 мин,,kids_collector,Каникулы: куда записать ребёнка,https://www.nationaltrust.org.uk/visit/cambridgeshire/anglesey-abbey-gardens-and-lode-mill/visiting-anglesey-abbey-with-family
в полном списке программ (лимит строк в письме),in the full list of programmes (line limit of the issue),Nene Park — Oak Adventurers Holiday Club,26–30 октября,Nene Outdoors Watersports & Activity Centre,"Кембриджшир, дальше часа",,kids_collector,Каникулы: куда записать ребёнка,https://nenepark.org.uk/holiday-club
в полном списке программ (лимит строк в письме),in the full list of programmes (line limit of the issue),Newborough Kidz Club — Holiday Club,22–23 декабря,Newborough C of E Primary School,"Кембриджшир, дальше часа",,kids_collector,Каникулы: куда записать ребёнка,https://newboroughkidzclub.co.uk
в полном списке программ (лимит строк в письме),in the full list of programmes (line limit of the issue),Newborough Kidz Club — Holiday Club,2–5 января,Newborough C of E Primary School,"Кембриджшир, дальше часа",,kids_collector,Каникулы: куда записать ребёнка,https://newboroughkidzclub.co.uk
в полном списке программ (лимит строк в письме),in the full list of programmes (line limit of the issue),Peterborough Council — Holiday Activities and Food (HAF) Programme - Christmas 2026,21 декабря – 1 января 2027,,,,kids_collector,Каникулы: куда записать ребёнка,http://peterborough.gov.uk/haf
в полном списке программ (лимит строк в письме),in the full list of programmes (line limit of the issue),Premier Education — Multi-Activity Holiday Camp,21 декабря – 1 января 2027,St Christopher's CEVCP School,до часа,,kids_collector,Каникулы: куда записать ребёнка,https://premier-education.com/parents/venue/courses/16104-930709?back=1&school=Fringford%20C%20of%20E
в полном списке программ (лимит строк в письме),in the full list of programmes (line limit of the issue),Premier Education — Multi-Activity Holiday Camp,26 октября – 2 ноября,Isle of Ely Primary School,до 30 мин,,kids_collector,Каникулы: куда записать ребёнка,https://www.premier-education.com/parents/venue/courses/24179/
в полном списке программ (лимит строк в письме),in the full list of programmes (line limit of the issue),Premier Education — Multi-Activity Holiday Camp,26–30 октября,The Cass Centre,центр,,kids_collector,Каникулы: куда записать ребёнка,https://www.premier-education.com/parents/venue/courses/23078/
в полном списке программ (лимит строк в письме),in the full list of programmes (line limit of the issue),Premier Education — Multi-Activity Holiday Camp,21–23 декабря,The Cass Centre,центр,,kids_collector,Каникулы: куда записать ребёнка,https://www.premier-education.com/parents/venue/courses/23078/
в полном списке программ (лимит строк в письме),in the full list of programmes (line limit of the issue),Premier Education — Multi-Activity Holiday Camp,26–30 октября,St Christopher's CEVCP School,до часа,,kids_collector,Каникулы: куда записать ребёнка,https://premier-education.com/parents/venue/courses/16104-930709?back=1&school=Fringford%20C%20of%20E
в полном списке программ (лимит строк в письме),in the full list of programmes (line limit of the issue),South Cambridgeshire District Council — Netball,28 октября,Impington Sports Centre,до 30 мин,,kids_collector,Каникулы: куда записать ребёнка,https://www.scambs.gov.uk/health-and-wellbeing/childrens-holiday-camps
в полном списке программ (лимит строк в письме),in the full list of programmes (line limit of the issue),School's Out Activities — School's Out Activities - Bury St Edmunds,26–30 октября,Bury St Edmunds,до часа,,kids_collector,Каникулы: куда записать ребёнка,https://www.schoolsoutactivities.co.uk/venues/
в полном списке программ (лимит строк в письме),in the full list of programmes (line limit of the issue),University of Cambridge Sport — Children's Athletics Camp,29 октября,Wilberforce Road Athletics Track,центр,,kids_collector,Каникулы: куда записать ребёнка,https://www.sport.cam.ac.uk/childrens-athletic-camps
в полном списке программ (лимит строк в письме),in the full list of programmes (line limit of the issue),Stephen Perse — Stephen Perse Holiday Programme - Christmas,21 декабря – 1 января 2027,Stephen Perse,центр,,kids_collector,Каникулы: куда записать ребёнка,https://www.stephenperse.com/about-us/holiday-programme
в полном списке программ (лимит строк в письме),in the full list of programmes (line limit of the issue),Strike Academy — Cambridge Multi-Activity & Football Camp,26–30 октября,Stephen Perse Foundation (Senior School),центр,,kids_collector,Каникулы: куда записать ребёнка,https://strikeacademy.classforkids.io/camp/64
в полном списке программ (лимит строк в письме),in the full list of programmes (line limit of the issue),TJ Kids — Holiday Clubs,в школьные каникулы,St Philips Primary School,центр,,kids_collector,Каникулы: куда записать ребёнка,https://tjkids.co.uk
в полном списке программ (лимит строк в письме),in the full list of programmes (line limit of the issue),TSA Sports — October Half Term 2026,26–30 октября,Queen Emma,центр,,kids_collector,Каникулы: куда записать ребёнка,https://tsasports.co.uk/courses
в полном списке программ (лимит строк в письме),in the full list of programmes (line limit of the issue),Wild @ Art Workshops — Halloween comic illustration workshop,27 октября,Queen Edith Community Primary School,центр,,kids_collector,Каникулы: куда записать ребёнка,https://wild-at-art-workshops.classforkids.io/camps
в полном списке программ (лимит строк в письме),in the full list of programmes (line limit of the issue),Wild @ Art Workshops — Halloween comic illustration workshop,28 октября,Milton COFE Primary School,центр,,kids_collector,Каникулы: куда записать ребёнка,https://wild-at-art-workshops.classforkids.io/camps
в полном списке программ (лимит строк в письме),in the full list of programmes (line limit of the issue),Wild @ Art Workshops — Halloween comic illustration workshop,29 октября,jeavons Wood,центр,,kids_collector,Каникулы: куда записать ребёнка,https://wild-at-art-workshops.classforkids.io/camps
вне зоны,вне зоны,A1 Fun Club — Holiday club,в школьные каникулы,Paddocks,out_of_zone,,kids_collector,Каникулы: куда записать ребёнка,https://a1funclub.co.uk/pages/about-us
вне зоны,вне зоны,Churchill Summer Camps — October 2026 Camp,19–23 октября,Laxton Junior School,out_of_zone,,kids_collector,Каникулы: куда записать ребёнка,https://www.churchillsummercamps.co.uk/camp-info
вне зоны,вне зоны,Churchill Summer Camps — October 2026 Camp,26–30 октября,Laxton Junior School,out_of_zone,,kids_collector,Каникулы: куда записать ребёнка,https://www.churchillsummercamps.co.uk/camp-info
вне зоны,вне зоны,Churchill Summer Camps — Christmas 2026 Camp,14–18 декабря,Laxton Junior School,out_of_zone,,kids_collector,Каникулы: куда записать ребёнка,https://www.churchillsummercamps.co.uk/camp-info
вне зоны,вне зоны,Churchill Summer Camps — Christmas 2026 Camp,21–23 декабря,Laxton Junior School,out_of_zone,,kids_collector,Каникулы: куда записать ребёнка,https://www.churchillsummercamps.co.uk/camp-info
вне зоны,вне зоны,Kick-Off Sports — October Half Term Holiday Camps - Multi Sports,26–30 октября,Yaxley Infant School / Monkshouse Primary Academy,out_of_zone,,kids_collector,Каникулы: куда записать ребёнка,https://www.kick-offsports.co.uk/holiday-clubs
вне зоны,вне зоны,Kick-Off Sports — Christmas Holiday Camps - Multi Sports,21 декабря – 1 января 2027,Yaxley Infant School / Monkshouse Primary Academy,out_of_zone,,kids_collector,Каникулы: куда записать ребёнка,https://www.kick-offsports.co.uk/holiday-clubs
вне зоны,вне зоны,School's Out Activities — School's Out Activities - Ipswich,26–30 октября,Ipswich High School,out_of_zone,,kids_collector,Каникулы: куда записать ребёнка,https://www.schoolsoutactivities.co.uk/venues/
вне зоны,вне зоны,School's Out Activities — School's Out Activities - Woodbridge,26–30 октября,Woodbridge Prep School,out_of_zone,,kids_collector,Каникулы: куда записать ребёнка,https://www.schoolsoutactivities.co.uk/venues/
вне зоны,вне зоны,School's Out Activities — School's Out Activities - Norwich,26–30 октября,Thorpe St Andrew School,out_of_zone,,kids_collector,Каникулы: куда записать ребёнка,https://www.schoolsoutactivities.co.uk/venues/
вне зоны,вне зоны,School's Out Activities — School's Out Activities - Colchester County,26–30 октября,Colchester County High School for Girls,out_of_zone,,kids_collector,Каникулы: куда записать ребёнка,https://www.schoolsoutactivities.co.uk/venues/
вне зоны,вне зоны,School's Out Activities — School's Out Activities - Chelmsford,26–30 октября,Chelmsford King Edward VI Grammar School,out_of_zone,,kids_collector,Каникулы: куда записать ребёнка,https://www.schoolsoutactivities.co.uk/venues/
вне зоны,вне зоны,School's Out Activities — School's Out Activities - Shenfield,26–30 октября,Shenfield High School,out_of_zone,,kids_collector,Каникулы: куда записать ребёнка,https://www.schoolsoutactivities.co.uk/venues/
вне зоны,out of zone,Walking Through Time (2026-09-12),,,,,,—,
вне зоны,out of zone,Oh! What a Night (2026-10-08),,,,,,—,
вне зоны,out of zone,Feeringbury Manor — NGS garden opening (2026-10-08),,,,,,—,
вне зоны,out of zone,Rooftop Oktoberfest 2026 With Live Oompah Band (2026-10-08),,,,,,—,
вне зоны,out of zone,Bingo Lingo Sheffield - Oktoberfest Special (2026-10-08),,,,,,—,
вне зоны,out of zone,Once In A Lifetime (2026-10-09),,,,,,—,
вне зоны,out of zone,Sweet Briar Flower Farm — NGS garden opening (2026-10-09),,,,,,—,
вне зоны,out of zone,Idrîsî Ensemble: Live in Sheffield (2026-10-09),,,,,,—,
вне зоны,out of zone,Oktoberfest - Buzz Bingo Bristol Fishponds (2026-10-09),,,,,,—,
вне зоны,out of zone,Wrestling in Corby! (2026-10-09),,,,,,—,
вне зоны,out of zone,Don't Let Daddy Know (2026-10-09),,,,,,—,
вне зоны,out of zone,OBSKÜR - Testbed [Leeds] (2026-10-09),,,,,,—,
вне зоны,out of zone,Oktoberfest - Buzz Bingo Plymouth Charles Cross (2026-10-09),,,,,,—,
вне зоны,out of zone,Oktoberfest - Buzz Bingo Colchester (2026-10-09),,,,,,—,
вне зоны,out of zone,Oktoberfest - Buzz Bingo Feltham (2026-10-09),,,,,,—,
вне зоны,out of zone,Death of Guitar Pop (2026-10-09),,,,,,—,
вне зоны,out of zone,Rod Stewart songbook (2026-10-09),,,,,,—,
вне зоны,out of zone,Funhouse Comedy Club - Comedy Night (2026-10-09),,,,,,—,
вне зоны,out of zone,Swindon Dub Club #007 - REAL ROOTS SOUND SYSTEM (2026-10-09),,,,,,—,
вне зоны,out of zone,Depo pres: Badger (2026-10-09),,,,,,—,
вне зоны,out of zone,Epping Forest Half Marathon & 10K Wildwood Trail Series (2026-10-10),,,,,,—,
вне зоны,out of zone,Introduction to Green Woodworking – Bowl turning course (2026-10-10),,,,,,—,
вне зоны,out of zone,"Oktoberfest |Testbed, Leeds (2026-10-10)",,,,,,—,
вне зоны,out of zone,HANGR Oktoberfest 2026 (2026-10-10),,,,,,—,
вне зоны,out of zone,Live Wrestling in Stamford (2026-10-10),,,,,,—,
вне зоны,out of zone,The Drag Brunch - Dragtoberfest Bottomless Brunch (2026-10-10),,,,,,—,
вне зоны,out of zone,Centreforce Presents - Signal City (2026-10-10),,,,,,—,
вне зоны,out of zone,Garage Nation Sopers House (2026-10-10),,,,,,—,
вне зоны,out of zone,Family Jam Late Session (2026-10-10),,,,,,—,
вне зоны,out of zone,Dirty Dancing Bottomless Brunch - Stevenage (2026-10-10),,,,,,—,
вне зоны,out of zone,Glassy 'n' Paint (2026-10-10),,,,,,—,
вне зоны,out of zone,Leeds Scare Maze (2026-10-10),,,,,,—,
вне зоны,out of zone,"Romeo's Promotion - Greatness (Dinner, Comedy & Dance) (2026-10-10)",,,,,,—,
вне зоны,out of zone,A tribute to Pitbull - Buzz Bingo Plymouth 10/10/2026 (2026-10-10),,,,,,—,
вне зоны,out of zone,Oktoberfest - Buzz Bingo Ashton (2026-10-10),,,,,,—,
вне зоны,out of zone,Oktoberfest - Buzz Bingo Castleford Town (2026-10-10),,,,,,—,
вне зоны,out of zone,Oktoberfest - Buzz Bingo Plymouth Charles Cross (2026-10-10),,,,,,—,
вне зоны,out of zone,Allyson June Smith : Allyson Wonderland (2026-10-10),,,,,,—,
вне зоны,out of zone,COBO : Comedy Shutdown | Black History Month Special - Luton (2026-10-10),,,,,,—,
вне зоны,out of zone,ABBA Tribute Band Sensation (2026-10-10),,,,,,—,
вне зоны,out of zone,Comedy in Knebworth (2026-10-10),,,,,,—,
вне зоны,out of zone,Soul Night Out UK - Essex (2026-10-10),,,,,,—,
вне зоны,out of zone,Chelmsford Marathon & Half Marathon (2026-10-11),,,,,,—,
вне зоны,out of zone,Green Island — NGS garden opening (2026-10-11),,,,,,—,
вне зоны,out of zone,Open Age Early Session (2026-10-11),,,,,,—,
вне зоны,out of zone,Boughton House — NGS garden opening (2026-10-11),,,,,,—,
вне зоны,out of zone,Oktoberfest - Buzz Bingo Colchester (2026-10-11),,,,,,—,
вне зоны,out of zone,Oktoberfest - Buzz Bingo Plymouth Charles Cross (2026-10-11),,,,,,—,
вне зоны,out of zone,Oktoberfest - Buzz Bingo Clacton On Sea (2026-10-11),,,,,,—,
вне зоны,out of zone,COBO : Comedy Shutdown Black History Month Special Leicester (2026-10-11),,,,,,—,
вне зоны,out of zone,Walking Through Time (2026-10-12),,,,,,—,
вне зоны,out of zone,Goth City Festival 2026 (2026-10-12),,,,,,—,
вне зоны,out of zone,Beth Chatto's Plants & Gardens — NGS garden opening (2026-10-14),,,,,,—,
вне зоны,out of zone,Ignacio Lopez (2026-10-14),,,,,,—,
вне зоны,out of zone,Brassed Off (2026-10-14),,,,,,—,
вне зоны,out of zone,Feeringbury Manor — NGS garden opening (2026-10-15),,,,,,—,
вне зоны,out of zone,Community Sports Foundation Charity Fundraiser (2026-10-15),,,,,,—,
вне зоны,out of zone,Takuya Nakamura [Live] & Supports (2026-10-15),,,,,,—,
вне зоны,out of zone,Comedy Club - Live at Cinnabar Stevenage (2026-10-15),,,,,,—,
вне зоны,out of zone,Kerry Ellis's Rock Anthems tour (2026-10-16),,,,,,—,
вне зоны,out of zone,Sanctuary of Senses Ladies night (2026-10-16),,,,,,—,
вне зоны,out of zone,Just the Tonic Comedy Club Special with Clinton Baptiste (2026-10-16),,,,,,—,
вне зоны,out of zone,Luke Combs UK Tribute in MILTON KEYNES (2026-10-16),,,,,,—,
вне зоны,out of zone,UK Oktoberfest / Wakefield (2026-10-16),,,,,,—,
вне зоны,out of zone,Electric Boogaloo x Sycamore: LIVE AT THE CELLAR BAR! (2026-10-16),,,,,,—,
вне зоны,out of zone,Funhouse Comedy Club - Comedy Night (2026-10-16),,,,,,—,
вне зоны,out of zone,Top Gun 40th Anniversary Marathons & Half Marathons (2026-10-17),,,,,,—,
вне зоны,out of zone,SRFC Vice Presidents Lunch (2026-10-17),,,,,,—,
вне зоны,out of zone,Spotify presents DIA/LOG W/ Skream & Benga (2026-10-17),,,,,,—,
вне зоны,out of zone,"WAH Plymouth | Hedex, Bou, Basslayerz, Friction, Mozey & more! (2026-10-17)",,,,,,—,
вне зоны,out of zone,The Sound of Musicals - Cheltenham (2026-10-17),,,,,,—,
вне зоны,out of zone,Family Jam Late Session (2026-10-17),,,,,,—,
вне зоны,out of zone,Whitney Houston Bottomless Brunch - Stevenage (2026-10-17),,,,,,—,
вне зоны,out of zone,Earthworks x 19/29 Loft Sessions (2026-10-17),,,,,,—,
вне зоны,out of zone,Oktoberfest: featuring The Käse Chiefs (2026-10-17),,,,,,—,
вне зоны,out of zone,Make Brentwood Laugh Harder (2026-10-17),,,,,,—,
вне зоны,out of zone,Sounds of the 60s (2026-10-17),,,,,,—,
вне зоны,out of zone,COBO : Black History Month Special - South Woodford (2026-10-17),,,,,,—,
вне зоны,out of zone,Shy FX | Northampton (2026-10-17),,,,,,—,
вне зоны,out of zone,BM Wellbeing Village - Invest In Yourself Conference 2026 (2026-10-18),,,,,,—,
вне зоны,out of zone,"Old Rectory, Quinton — NGS garden opening (2026-10-18)",,,,,,—,
вне зоны,out of zone,Country Rocks Line Dancing Hoedown (2026-10-18),,,,,,—,
вне зоны,out of zone,Cancer Bats (2026-10-18),,,,,,—,
вне зоны,out of zone,FOG BOX : Paul Foot-Nina Gillian-Tony Law- Michael Legge (2026-10-18),,,,,,—,
вне зоны выпуска или зона не определена,вне зоны выпуска или зона не определена,Youth Escrima Concepts,,Hills Road Sports and Tennis Centre,,,,С детьми,https://cambridgekungfu.com/events-and-updates
вне зоны выпуска или зона не определена,вне зоны выпуска или зона не определена,Winter Net Sessions,,Hills Road Sports Centre,out_of_zone,,,С детьми,https://miltoncricket.org.uk/cricket-coaching-cambridge
вне зоны выпуска или зона не определена,вне зоны выпуска или зона не определена,Angels Ride - Taster Ride,,Monach Riding,,,,С детьми,https://monachriding.co.uk/riding-lessons
вне зоны выпуска или зона не определена,вне зоны выпуска или зона не определена,Lyrical,,Northstowe Secondary College,,,,С детьми,http://stardustdanceacademy.com
вне зоны выпуска или зона не определена,вне зоны выпуска или зона не определена,Musical Theatre,,Northstowe Secondary College,,,,С детьми,http://stardustdanceacademy.com
вне зоны выпуска или зона не определена,вне зоны выпуска или зона не определена,Acro Gymnastics,,Northstowe Secondary College,,,,С детьми,http://stardustdanceacademy.com
вне зоны выпуска или зона не определена,вне зоны выпуска или зона не определена,Fairytale Ballet®,,Northstowe Unity Centre,,,,С детьми,http://stardustdanceacademy.com
"выбран моделью, убран проверкой ответа (см. «Для редактора»)","chosen by the model, removed by the answer check (see For the editor)",Alice Cooper Devil on My Shoulder Book Tour,"пн, 12 октября",Cambridge Corn Exchange,центр,9.1,"S011,S091","На неделе: концерты, театр, комедия",https://www.cornex.co.uk/events/alice-cooper-devil-on-my-shoulder-book-tour
"выбран моделью, убран проверкой ответа (см. «Для редактора»)","chosen by the model, removed by the answer check (see For the editor)",Alice Cooper in Conversation,"пн, 12 октября",Cambridge Corn Exchange,центр,8.6,S005,Лекции и встречи,https://cambridge105.co.uk/event/alice-cooper-in-conversation/
вытеснен более сильными,pushed out by stronger items,English National Ballet: The Sleeping Beauty,"ср, 14 октября, 19:15",The Light Cinema Cambridge,центр,5.4,S157,"На неделе: концерты, театр, комедия",https://cambridge.thelight.co.uk/enb-the-sleeping-beauty
вытеснен более сильными,pushed out by stronger items,Chantel McGregor | Cambridge Junction,"чт, 15 октября, 19:00",Cambridge Junction,центр,5.4,"S012,S151","На неделе: концерты, театр, комедия",https://www.junction.co.uk/events/chantel-mcgregor/
вытеснен более сильными,pushed out by stronger items,London City Ballet,до 8 октября,Cambridge Arts Theatre,центр,4.9,S005,"На неделе: концерты, театр, комедия",https://cambridge105.co.uk/event/london-city-ballet/
вытеснен более сильными,pushed out by stronger items,The Legends In Vegas - After Hours,"ср, 14 октября",Cambridge Corn Exchange,центр,4.9,"S006,S011,S091","На неделе: концерты, театр, комедия",https://www.cornex.co.uk/events/legends-of-the-dancefloor-2
вытеснен более сильными,pushed out by stronger items,Finlay Christie,"вт, 13 октября",Cambridge Junction,центр,4.8,"S006,S012","На неделе: концерты, театр, комедия",https://www.ents24.com/cambridge-events/cambridge-junction/finlay-christie/7497343
вытеснен более сильными,pushed out by stronger items,The Big Pants Party,"пт, 16 октября",Cambridge Corn Exchange,центр,4.7,"S011,S091,S151","На неделе: концерты, театр, комедия",https://www.cornex.co.uk/events/the-big-pants-party
вытеснен более сильными,pushed out by stronger items,Nerina Pallot,"чт, 15 октября, 19:30",Storey's Field Centre,центр,4.6,S151,"На неделе: концерты, театр, комедия",https://musiclivecambridge.com/gigs/nerina-pallot-cambridge-tickets-at-storeys-field-c
вытеснен более сильными,pushed out by stronger items,Peterborough Christmas market,20–22 ноября,"Peterborough Cathedral, Peterborough","Кембриджшир, дальше часа",4.1,S004,Новые анонсы,https://www.cambridge-news.co.uk/whats-on/whats-on-news/exactly-peterboroughs-christmas-lights-switched-34694878
вытеснен более сильными,pushed out by stronger items,Earth In Our Hands: Breakfast with Professor Julian Allwood,"сб, 17 октября",Ely Cathedral,до 30 мин,4.0,S071,Главное на выходные 17–18 октября,https://www.elycathedral.org/events/earth-in-our-hands
вытеснен более сильными,pushed out by stronger items,Ely's Remembrance Sunday Parade,"вс, 8 ноября",Ely,до 30 мин,4.0,"S119,S148",Новые анонсы,https://counties.britishlegion.org.uk/branches/ely/remembrance/
вытеснен более сильными,pushed out by stronger items,The Big Retreat Cambridgeshire 2027,20–23 августа 2027,Abbots Ripton Estate,до часа,4.0,S003,Новые анонсы,https://www.cambridgeindependent.co.uk/whats-on/in-pictures-ruby-wax-gail-porter-mr-motivator-and-more-le-9483768/
вытеснен более сильными,pushed out by stronger items,Dan Tiernan: Quartz and All | Cambridge Junction,"пт, 16 октября, 20:00",Cambridge Junction,центр,3.8,S012,"На неделе: концерты, театр, комедия",https://www.junction.co.uk/events/dan-tiernan-quartz-and-all/
вытеснен более сильными,pushed out by stronger items,"Sylvia Plath, Witchcraft & Radical Poetry","пн, 12 октября",Cambridge Junction,центр,3.6,"S008,S012","На неделе: концерты, театр, комедия",https://www.eventbrite.co.uk/e/sylvia-plath-witchcraft-radical-poetry-tickets-1997561656688
вытеснен более сильными,pushed out by stronger items,Luminatus - Harmonies of Heaven and Earth,"вт, 13 октября",Ely Cathedral,до 30 мин,3.6,"S071,S151","На неделе: концерты, театр, комедия",https://www.elycathedral.org/events/luminatus-harmonies
вытеснен более сильными,pushed out by stronger items,Lunchtime Recital - John Wyatt and Heather Toyn,"чт, 15 октября",Ely Cathedral,до 30 мин,3.6,"S071,S151","На неделе: концерты, театр, комедия",https://www.elycathedral.org/events/lunchtime-recital-john-wyatt-and-heather-toyn
вытеснен более сильными,pushed out by stronger items,The Dirty Work | Cambridge Junction,до 8 октября,Cambridge Junction,центр,3.5,S012,"На неделе: концерты, театр, комедия",https://www.junction.co.uk/events/the-dirty-work-cambridge/
вытеснен более сильными,pushed out by stronger items,Peterborough Christmas lights switch-on,"пт, 20 ноября, 17:30","Cathedral Square, Peterborough","Кембриджшир, дальше часа",3.5,S004,Новые анонсы,https://www.cambridge-news.co.uk/whats-on/whats-on-news/exactly-peterboroughs-christmas-lights-switched-34694878
вытеснен более сильными,pushed out by stronger items,The Gruffalo at Nene Valley Railway,"вс, 25 октября",Nene Valley Railway,"Кембриджшир, дальше часа",3.5,S117,Новые анонсы,https://www.cambstimes.co.uk/news/26559624.gruffalo-peppa-pig-visit-nene-valley-railway/
вытеснен более сильными,pushed out by stronger items,Peppa Pig at Nene Valley Railway,"пн, 31 мая 2027",Nene Valley Railway,"Кембриджшир, дальше часа",3.5,S117,Новые анонсы,https://www.cambstimes.co.uk/news/26559624.gruffalo-peppa-pig-visit-nene-valley-railway/
вытеснен более сильными,pushed out by stronger items,Country in the Country,"пт, 28 мая 2027",Ely Rugby Club,до 30 мин,3.5,S117,Новые анонсы,https://www.cambstimes.co.uk/news/26576554.country-country-festival-return-ely-2027/
вытеснен более сильными,pushed out by stronger items,Lunchtime Concert: Chris Ingham Trio – Standard Time,"ср, 14 октября",Theatre Royal,до часа,3.4,"S126,S151","На неделе: концерты, театр, комедия",https://theatreroyal.org/events/lunchtime-concert-chris-ingham-trio-standard-time/
вытеснен более сильными,pushed out by stronger items,ANDREW CHAMBLIN MEMORIAL LECTURE 2026,"пт, 16 октября, 17:00",Centre for Mathematical Sciences,центр,3.4,S048,Лекции и встречи,https://www.admin.cam.ac.uk/whatson/detail.shtml?uid=13c2f5a9-7070-4fdf-9ad3-091ff7f16a93
вытеснен более сильными,pushed out by stronger items,Warning presents A·M·C Grassroots Energy | Cambridge Junction,"сб, 17 октября, 23:00",Cambridge Junction,центр,3.4,S012,Успейте купить билеты,https://www.junction.co.uk/events/warning/
вытеснен более сильными,pushed out by stronger items,Kettle’s Yard Chamber Music: Quartetto Noûs,"чт, 8 октября, 20:00",Kettle’s Yard,центр,3.3,S150,"На неделе: концерты, театр, комедия",https://www.cmp.cam.ac.uk/events/event/item/kettles-yard-chamber-music-quartetto-nous/
вытеснен более сильными,pushed out by stronger items,October Comedy Night,"пт, 9 октября",Comberton Sports & Arts,до 30 мин,3.2,S128,"На неделе: концерты, театр, комедия",https://www.ents24.com/cambridge-events/comberton-sports-and-arts/october-comedy-night/7498108
вытеснен более сильными,pushed out by stronger items,Fire Fire | Cambridge Junction,"ср, 14 октября, 19:30",Cambridge Junction,центр,3.2,S012,"На неделе: концерты, театр, комедия",https://www.junction.co.uk/events/fire-fire/
вытеснен более сильными,pushed out by stronger items,Li Jin Hao: Falling From A Moon | Cambridge Junction,"чт, 15 октября, 19:30",Cambridge Junction,центр,3.2,S012,"На неделе: концерты, театр, комедия",https://www.junction.co.uk/events/li-jin-hao-falling-from-a-moon/
вытеснен более сильными,pushed out by stronger items,Science-COM: COMmunication + COMedy + COMpetition | Cambridge Junction,"пт, 9 октября, 20:00",Cambridge Junction,центр,3.1,S012,"На неделе: концерты, театр, комедия",https://www.junction.co.uk/events/science-com-communication-comedy-competition/
вытеснен более сильными,pushed out by stronger items,Kathryn Roberts & Sean Lakeman,"ср, 14 октября",Ely Folk Club,до 30 мин,3.1,S128,"На неделе: концерты, театр, комедия",https://www.ents24.com/ely-events/ely-folk-club/kathryn-roberts-and-sean-lakeman/7487145
вытеснен более сильными,pushed out by stronger items,Voices That Shape Research | Cambridge Junction,"пт, 16 октября, 10:00",Cambridge Junction,центр,3.0,S012,"На неделе: концерты, театр, комедия",https://www.junction.co.uk/events/voices-that-shape-research/
вытеснен более сильными,pushed out by stronger items,Meet the Greeks,"ср, 28 октября, 10:00",Museum of Classical Archaeology,центр,3.0,"S001,S052",Каникулы: куда записать ребёнка,https://www.museums.cam.ac.uk/events/meet-greeks
вытеснен более сильными,pushed out by stronger items,Foyer Folk,"пт, 9 октября, 20:00",Saffron Hall,до 30 мин,2.9,S017,"На неделе: концерты, театр, комедия",https://www.saffronhall.com/whats-on/view/foyer-folk-24
вытеснен более сильными,pushed out by stronger items,SWCHS Sixth Form Open Evening,"ср, 14 октября",Saffron Hall,до 30 мин,2.9,S017,"На неделе: концерты, театр, комедия",https://www.saffronhall.com/whats-on/view/swchs-sixth-form-open-evening-3
вытеснен более сильными,pushed out by stronger items,Fishies Cambridge WEVS | LAUNCH NIGHT ft ABBA Live Tribute,"ср, 14 октября, 22:30",Revolution Cambridge,центр,2.8,S148,"На неделе: концерты, театр, комедия",https://eventslist.co.uk/cambridge/events/fishies-cambridge-wevs-launch-night-ft-abba-live-tribute-2026-10-14
вытеснен более сильными,pushed out by stronger items,George and the Drag Queen,"чт, 15 октября",The Bigg Theatre,до часа,2.8,S128,"На неделе: концерты, театр, комедия",https://www.ents24.com/biggleswade-events/the-bigg-theatre/george-and-the-drag-queen/7532702
вытеснен более сильными,pushed out by stronger items,Switzerland,9–24 октября,Theatre Royal,до часа,2.8,S126,Успейте купить билеты,https://theatreroyal.org/events/switzerland-thriller/
вытеснен более сильными,pushed out by stronger items,"Saint-Saens, Fauré, Meyer, Dvořák","чт, 8 октября, 19:30",West Road Concert Hall,центр,2.7,S151,"На неделе: концерты, театр, комедия",https://musiclivecambridge.com/gigs/saint-saens-faure-meyer-dvorak-west-road-concert-h
вытеснен более сильными,pushed out by stronger items,Robert Schumann’s Piano Quintet | Cambridge University Lunchtime Concert,"вт, 13 октября, 13:10",West Road Concert Hall,центр,2.7,S150,"На неделе: концерты, театр, комедия",https://www.cmp.cam.ac.uk/events/event/item/composers-concert-cambridge-university-lunchtime-concert/
вытеснен более сильными,pushed out by stronger items,Red Robin’s Winter Song,"ср, 28 октября",Theatre Royal,до часа,2.7,S126,Каникулы: куда записать ребёнка,https://theatreroyal.org/events/red-robins-winter-song/
вытеснен более сильными,pushed out by stronger items,"Panic At The Emo at Velvet Panache, Peterborough","пт, 16 октября, 22:00",Velvet Panache Peterborough,"Кембриджшир, дальше часа",2.6,S129,"На неделе: концерты, театр, комедия",https://www.skiddle.com/whats-on/Peterborough/Velvet-Panache-Peterborough/Panic-At-The-Emo-at-Velvet-Panache-Peterborough/42718180/
вытеснен более сильными,pushed out by stronger items,Make it with Marmalade Discover Linocutting half-term Halloween special,"сб, 31 октября, 10:00","Marmalade Print Studio, 36 Pratt Street Soham, Ely, Cambridgeshire CB7 5BH",до 30 мин,2.6,S001,Каникулы: куда записать ребёнка,https://www.visitcambridge.org/event/make-it-with-marmalade-discover-linocutting-half-term-halloween-special/
вытеснен более сильными,pushed out by stronger items,Pick ‘n’ Mix Improvised Comedy Showcase,"чт, 8 октября, 19:30","The Boathouse 14 Chesterton Road, Cambridge, Cambridgeshire CB4 3AX",центр,2.5,S001,"На неделе: концерты, театр, комедия",https://www.visitcambridge.org/event/pick-n-mix-improvised-comedy-showcase/
вытеснен более сильными,pushed out by stronger items,Jive Talkin',"пт, 9 октября",Haverhill Arts Centre,до часа,2.5,S128,"На неделе: концерты, театр, комедия",https://www.ents24.com/haverhill-events/haverhill-arts-centre/jive-talkin/7401547
вытеснен более сильными,pushed out by stronger items,Come and Play | Samulnori Society,"пт, 9 октября, 19:00",Robinson College,центр,2.5,S150,"На неделе: концерты, театр, комедия",https://www.cmp.cam.ac.uk/events/event/item/come-and-play-samulnori-society-2/
вытеснен более сильными,pushed out by stronger items,Lunchtime Concert,"вт, 13 октября",St John's College,центр,2.5,S144,"На неделе: концерты, театр, комедия",https://www.joh.cam.ac.uk/festival
вытеснен более сильными,pushed out by stronger items,Come and Play | Gamelan Society,"вт, 13 октября, 18:45",Cudworth Room,центр,2.5,S150,"На неделе: концерты, театр, комедия",https://www.cmp.cam.ac.uk/events/event/item/come-and-play-gamelan-society-3/
вытеснен более сильными,pushed out by stronger items,Hadestown: The Musical,"вт, 13 октября, 19:00",The Light Cinema Cambridge,центр,2.5,S157,"На неделе: концерты, театр, комедия",https://cambridge.thelight.co.uk/hadestown-the-musical
вытеснен более сильными,pushed out by stronger items,Vicky Jackson as P!NK,"ср, 14 октября",King's Lynn Corn Exchange,до часа,2.5,S128,"На неделе: концерты, театр, комедия",https://www.ents24.com/kings-lynn-events/kings-lynn-corn-exchange/vicky-jackson-as-pnk/7536680
вытеснен более сильными,pushed out by stronger items,Live on Wednesdays: Cambridge University Gig Night,"ср, 14 октября, 19:30",Hidden Rooms,центр,2.5,S150,"На неделе: концерты, театр, комедия",https://www.cmp.cam.ac.uk/events/event/item/live-on-wednesdays-cambridge-university-gig-night/
вытеснен более сильными,pushed out by stronger items,Open Mic Night @ The Boathouse,"ср, 14 октября, 19:45",The Boathouse,центр,2.5,S151,"На неделе: концерты, театр, комедия",https://musiclivecambridge.com/gigs/open-mic-night-the-boathouse-20261014
вытеснен более сильными,pushed out by stronger items,Anthony Gritten Selwyn Organ Recital,"чт, 15 октября, 13:15",Selwyn College Chapel,центр,2.5,S150,"На неделе: концерты, театр, комедия",https://www.cmp.cam.ac.uk/events/event/item/songs-of-farewell-2/
вытеснен более сильными,pushed out by stronger items,Sir Granville Bantock’s 80th Anniversary Concert,"пт, 16 октября, 13:00",Clare College Chapel,центр,2.5,S150,"На неделе: концерты, театр, комедия",https://www.cmp.cam.ac.uk/events/event/item/sir-granville-bantocks-80th-anniversary-concert/
вытеснен более сильными,pushed out by stronger items,Spotlight Talk: Kettle’s Yard Rugs,"чт, 8 октября, 13:00",Kettle's Yard,центр,2.5,S052,Лекции и встречи,https://www.museums.cam.ac.uk/events/spotlight-talk-kettles-yard-rugs
вытеснен более сильными,pushed out by stronger items,Spotlight Talk: Helen Ede and Knitting,"пт, 9 октября, 13:00",Kettle's Yard,центр,2.5,S052,Лекции и встречи,https://www.museums.cam.ac.uk/events/spotlight-talk-helen-ede-and-knitting
вытеснен более сильными,pushed out by stronger items,A Rubbish History of Cambridge,"пн, 12 октября",Cambridge Museum of Technology,центр,2.5,S179,Лекции и встречи,https://www.museumoftechnology.com/calendar/oct2026/ciag-meeting-w3ksc-hpx32
вытеснен более сильными,pushed out by stronger items,Clare Hall Colloquia – Michaelmas 2026,"вт, 13 октября",Clare Hall,центр,2.5,S170,Лекции и встречи,https://www.clarehall.cam.ac.uk/events/clare-hall-colloquia-michaelmas-2026/
вытеснен более сильными,pushed out by stronger items,Who’s Who on the Market Square? Talk by Local Historian Liz Davies,"ср, 14 октября",The Old Court,до часа,2.5,S105,Лекции и встречи,https://www.stneots-tc.gov.uk/council_events/whos-who-on-the-market-square-talk-by-local-historian-liz-davies/
вытеснен более сильными,pushed out by stronger items,Tea & Talk with Naja Hendriksen: Meeting Contemporary Greenland,"пт, 16 октября, 13:00",The Polar Museum,центр,2.5,S052,Лекции и встречи,https://www.museums.cam.ac.uk/events/tea-talk-naja-hendriksen-meeting-contemporary-greenland
вытеснен более сильными,pushed out by stronger items,Ceremonial Cambridge and Bomb Disposal,"пт, 16 октября, 20:00",St Ives Corn Exchange,до 30 мин,2.5,S148,Лекции и встречи,https://stivescivic.org.uk/event/ceremonial-cambridge-and-bomb-disposal
вытеснен более сильными,pushed out by stronger items,Skeleton Science,"сб, 24 октября, 13:00",Whipple Museum of the History of Science,центр,2.5,S052,Каникулы: куда записать ребёнка,https://www.museums.cam.ac.uk/events/skeleton-science
вытеснен более сильными,pushed out by stronger items,Genius Challenges and Future Solutions,24–25 октября,Cambridge Science Centre,до 30 мин,2.5,S054,Каникулы: куда записать ребёнка,https://www.cambridgesciencecentre.org/whats-on/genius-challenges-and-future-solutions-2/
вытеснен более сильными,pushed out by stronger items,Halloween half-term at Audley End House and Gardens,24 октября – 1 ноября,Audley End House and Gardens,до 30 мин,2.5,S139,Каникулы: куда записать ребёнка,https://www.english-heritage.org.uk/visit/whats-on/audley-end-halloween-2026/
вытеснен более сильными,pushed out by stronger items,Sticks’n’Sushi Halloween Kids Sushi Masterclass,"вс, 25 октября, 10:00","2 Wheeler Street, Cambridge, Cambridgeshire CB2 3QJ",центр,2.5,S001,Каникулы: куда записать ребёнка,https://www.visitcambridge.org/event/sticksnsushi-halloween-kids-sushi-masterclass/
вытеснен более сильными,pushed out by stronger items,Polar Stories,"пн, 26 октября, 10:00",The Polar Museum,центр,2.5,S052,Каникулы: куда записать ребёнка,https://www.museums.cam.ac.uk/events/polar-stories-2
вытеснен более сильными,pushed out by stronger items,Skeleton Science,"пн, 26 октября, 13:00",Whipple Museum of the History of Science,центр,2.5,S052,Каникулы: куда записать ребёнка,https://www.museums.cam.ac.uk/events/skeleton-science-0
вытеснен более сильными,pushed out by stronger items,Holiday Bushcraft for 5-14 year olds,"пн, 26 октября, 08:30",Wandlebury Country Park,до 30 мин,2.5,S131,Каникулы: куда записать ребёнка,https://cambridgeppf.org/etn/holiday-bushcraft-for-5-14-year-olds-10/
вытеснен более сильными,pushed out by stronger items,The Outdoor Project Half-Term Sessions,"пн, 26 октября",Milton Country Park,до 30 мин,2.5,S132,Каникулы: куда записать ребёнка,https://www.miltoncountrypark.org/event-details/the-outdoor-project-half-term-sessions-2026-10-26-08-45
вытеснен более сильными,pushed out by stronger items,Half Term Crafts,26–30 октября,Wimpole Estate (National Trust),до 30 мин,2.5,S070,Каникулы: куда записать ребёнка,https://www.nationaltrust.org.uk/visit/cambridgeshire/wimpole-estate/events/1a00b14a-c47a-4909-8e1c-3f48a50a40f4
вытеснен более сильными,pushed out by stronger items,Ceramic Pumpkin Painting,26–30 октября,Anglesey Abbey (National Trust),до 30 мин,2.5,S070,Каникулы: куда записать ребёнка,https://www.nationaltrust.org.uk/visit/cambridgeshire/anglesey-abbey-gardens-and-lode-mill/events/7e2af5e8-b714-4b22-9fc6-eaded6029b15
вытеснен более сильными,pushed out by stronger items,After Dark at the Museum,"вт, 27 октября, 16:00",Wisbech & Fenland Museum,"Кембриджшир, дальше часа",2.5,S148,Каникулы: куда записать ребёнка,https://wisbechmuseum.org.uk/whats-on/event/2026-10-27-after-dark-at-the-museum
вытеснен более сильными,pushed out by stronger items,Halloween Spooky Story Time in Wimpole Hall,27–29 октября,Wimpole Estate (National Trust),до 30 мин,2.5,S070,Каникулы: куда записать ребёнка,https://www.nationaltrust.org.uk/visit/cambridgeshire/wimpole-estate/events/daaee114-c369-4501-86ce-e6724aa08c82
вытеснен более сильными,pushed out by stronger items,Evolution Expedition,"ср, 28 октября, 10:00",Sedgwick Museum of Earth Sciences,центр,2.5,S052,Каникулы: куда записать ребёнка,https://www.museums.cam.ac.uk/events/evolution-expedition
вытеснен более сильными,pushed out by stronger items,October Half Term Family Day,"ср, 28 октября, 10:30",The Fitzwilliam Museum,центр,2.5,S052,Каникулы: куда записать ребёнка,https://www.museums.cam.ac.uk/events/october-half-term-family-day
вытеснен более сильными,pushed out by stronger items,"Little Feet, Big Impressions","ср, 28 октября, 10:30","Enid Porter Room, Museum of Cambridge",центр,2.5,S130,Каникулы: куда записать ребёнка,https://www.museumofcambridge.org.uk/event/little-feet-big-impressions-63/
вытеснен более сильными,pushed out by stronger items,Half Term Poo Trail,"ср, 28 октября",Cambridge Museum of Technology,центр,2.5,S179,Каникулы: куда записать ребёнка,https://www.museumoftechnology.com/calendar/2026/10/28/half-term-poo-trail
вытеснен более сильными,pushed out by stronger items,Evolution Expedition,"чт, 29 октября, 10:00",Sedgwick Museum of Earth Sciences,центр,2.5,S052,Каникулы: куда записать ребёнка,https://www.museums.cam.ac.uk/events/evolution-expedition-0
вытеснен более сильными,pushed out by stronger items,Cool Cucurbits family activity,"чт, 29 октября, 10:30",Cambridge University Botanic Garden,центр,2.5,S069,Каникулы: куда записать ребёнка,https://www.botanic.cam.ac.uk/whats-on/cool-cucurbits-family-activity/
вытеснен более сильными,pushed out by stronger items,October Half Term - Myths and legends,"чт, 29 октября",Royston Museum,до 30 мин,2.5,S153,Каникулы: куда записать ребёнка,https://www.roystonmuseum.org.uk/what-s-on
вытеснен более сильными,pushed out by stronger items,Family Craft Workshop - Leaf Collage Owl,"чт, 29 октября, 10:00",Wicken Fen (National Trust),до 30 мин,2.5,S070,Каникулы: куда записать ребёнка,https://www.nationaltrust.org.uk/visit/cambridgeshire/wicken-fen-national-nature-reserve/events/0768f771-67fc-4546-bee1-1cbb51468186
вытеснен более сильными,pushed out by stronger items,Halloween Drop-in Craft Day,"пт, 30 октября",Cambridge Museum of Technology,центр,2.5,S179,Каникулы: куда записать ребёнка,https://www.museumoftechnology.com/calendar/2026/10/30/halloween-drop-in-craft-day
вытеснен более сильными,pushed out by stronger items,Reimagining nature with children - an immersive training day,"ср, 28 октября",Storey's Field Centre,центр,2.4,S008,Каникулы: куда записать ребёнка,https://www.eventbrite.co.uk/e/reimagining-nature-with-children-an-immersive-training-day-registration-1994800280337
вытеснен более сильными,pushed out by stronger items,THE ARCHDUKE BAND +Alice Walker +Harry Quinn (8th Oct 26),"чт, 8 октября, 20:00",The Portland Arms,центр,2.2,S151,"На неделе: концерты, театр, комедия",https://musiclivecambridge.com/gigs/the-archduke-band-alice-walker-harry-quinn-8th-oct
вытеснен более сильными,pushed out by stronger items,OASSIS – From Knebworth to The Met Lounge,"пт, 9 октября","THE MET LOUNGE, BRIDGE STREET","Кембриджшир, дальше часа",2.2,S148,"На неделе: концерты, театр, комедия",https://dovetailevents.co.uk/peterborough-events
вытеснен более сильными,pushed out by stronger items,The Big Bike Film Night 2026 – Cambridge,"пт, 16 октября, 19:00","Storey's Field Centre Main Hall Eddington Avenue, Cambridge, Cambridgeshire CB3 1AA",центр,2.2,S001,"На неделе: концерты, театр, комедия",https://www.visitcambridge.org/event/the-big-bike-film-night-2026-cambridge/
вытеснен более сильными,pushed out by stronger items,Michael Morrow and the Culprits +Indietones (16th Oct 26),"пт, 16 октября, 19:30",The Portland Arms,центр,2.2,S151,"На неделе: концерты, театр, комедия",https://musiclivecambridge.com/gigs/michael-morrow-and-the-culprits-indietones-16th-oc
вытеснен более сильными,pushed out by stronger items,Games Night in Cambridge – NEW TIME,"пт, 9 октября",Waterstones,центр,1.7,S008,Бесплатно,https://www.eventbrite.co.uk/e/games-night-in-cambridge-new-time-tickets-2000273087651
вытеснено подтверждённым открытием (S148) с датой со страницы,вытеснено подтверждённым открытием (S148) с датой со страницы,Catte Latte,Открылось в августе,"Mill Road, Cambridge",,,S087,Новое в городе,https://cambridgefoodies.me.uk/2026/08/17/catte-latte-cambridges-first-ever-cat-cafe-mill-road/
"гражданское мероприятие (консультация, выставка проекта) — пока не в выпуск","гражданское мероприятие (консультация, выставка проекта) — пока не в выпуск",Cambridge South Public Exhibition (2026-10-10),,,,,,—,
дата на странице (2026-11-26) не совпадает с каникулами из названия — противоречие у провайдера,дата на странице (2026-11-26) не совпадает с каникулами из названия — противоречие у провайдера,Professor Fab's Potions Class — October Half Term Science Camp - Professor Fab's Potions Class,26 ноября,Queen Edith Community Primary School,до 30 мин,,kids_collector,Каникулы: куда записать ребёнка,https://clubhubuk.co.uk/clubs/october-half-term-science-camp-4/
для взрослых — не детская секция,для взрослых — не детская секция,Tap,,"The Fen Ditton Hall, Cambridge",до 30 мин,,,С детьми,https://formationsdance.co.uk
для взрослых — не детская секция,для взрослых — не детская секция,Adult Fitness,,"The Fen Ditton Hall, Cambridge",до 30 мин,,,С детьми,https://formationsdance.co.uk
для взрослых — не детская секция,для взрослых — не детская секция,Contemporary,,"The Fen Ditton Hall, Cambridge; The Exning Community Church Hall, Suffolk",центр,,,С детьми,https://formationsdance.co.uk
для взрослых — не детская секция,для взрослых — не детская секция,Commercial,,"The Fen Ditton Hall, Cambridge",до 30 мин,,,С детьми,https://formationsdance.co.uk
для взрослых — не детская секция,для взрослых — не детская секция,Tap & Jazz,,Arbury Community Centre,центр,,,С детьми,http://stardustdanceacademy.com
"доступ только для своих (университет, ученики школы)","доступ только для своих (университет, ученики школы)",After School Archery Club,,Isle of Ely Primary School,до 30 мин,,,С детьми,https://www.premier-education.com/parents/venue/courses/24179/
"доступ только для своих (университет, ученики школы)","доступ только для своих (университет, ученики школы)",After School Football Club,,Isle of Ely Primary School,до 30 мин,,,С детьми,https://www.premier-education.com/parents/venue/courses/24179/
"доступ только для своих (университет, ученики школы)","доступ только для своих (университет, ученики школы)",After School Dodgeball Club,,Isle of Ely Primary School,до 30 мин,,,С детьми,https://www.premier-education.com/parents/venue/courses/24179/
"доступ только для своих (университет, ученики школы)","доступ только для своих (университет, ученики школы)",After School Football Club,,Isle of Ely Primary School,до 30 мин,,,С детьми,https://www.premier-education.com/parents/venue/courses/24179/
"доступ только для своих (университет, ученики школы)","доступ только для своих (университет, ученики школы)",After School Club at Trumpington Park Primary,,Trumpington Park Primary,,,,С детьми,https://www.theoutdoorsproject.co.uk/cambridge-royston/
"доступ только для своих (университет, ученики школы)","доступ только для своих (университет, ученики школы)",After School Club at Icknield Walk First School,,Icknield Walk First School,,,,С детьми,https://www.theoutdoorsproject.co.uk/cambridge-royston/
"доступ только для своих (университет, ученики школы)","доступ только для своих (университет, ученики школы)",After School Club at King James Academy Royston,,King James Academy Royston (KJAR),до 30 мин,,,С детьми,https://www.theoutdoorsproject.co.uk/cambridge-royston/
"доступ только для своих (университет, ученики школы)","доступ только для своих (университет, ученики школы)",After School Club at Bourn Primary,,Bourn Primary,,,,С детьми,https://www.theoutdoorsproject.co.uk/cambridge-royston/
дубль или не прошёл отбор рубрики,дубль или не прошёл отбор рубрики,Escape Room - The Thief and the Highwayman,"чт, 8 октября",Royston Museum,до 30 мин,2.6,S153,В музеях и усадьбах,https://www.roystonmuseum.org.uk/what-s-on
дубль пункта из выпуска,duplicate of an item in the issue,Recital – Isabelle Demers,"сб, 17 октября",St John's College,центр,3.3,S144,Главное на выходные 17–18 октября,https://www.sjcchoir.co.uk/event/recital-isabelle-demers/
дубль пункта из выпуска,duplicate of an item in the issue,Studio Sunday,"вс, 11 октября, 13:00",Kettle's Yard,центр,3.0,"S001,S052",Главное на выходные 10–11 октября,https://www.museums.cam.ac.uk/events/studio-sunday-55
дубль пункта из выпуска,duplicate of an item in the issue,"Organ Recital by Paul Greally, Westminster Abbey","вс, 11 октября, 14:15",King’s College Chapel,центр,2.8,S150,Главное на выходные 10–11 октября,https://www.cmp.cam.ac.uk/events/event/item/organ-recital-by-paul-greally-westminster-abbey/
дубль пункта из выпуска,duplicate of an item in the issue,"Organ Recital by David Newsholme, Canterbury Cathedral","вс, 18 октября, 14:15",King’s College Chapel,центр,2.8,S150,Главное на выходные 17–18 октября,https://www.cmp.cam.ac.uk/events/event/item/organ-recital-by-david-newsholme-canterbury-cathedral/
дубль пункта из выпуска,duplicate of an item in the issue,Stranger Folk,до 31 октября,Wimpole Estate (National Trust),до 30 мин,2.5,S070,Главное на выходные 10–11 октября,https://www.nationaltrust.org.uk/visit/cambridgeshire/wimpole-estate/events/d35d1d05-a0ec-4b8b-b151-5704862a54af
дубль пункта из выпуска,duplicate of an item in the issue,Have You Got It Yet? The Story Of Syd Barret + Q&A,"пт, 9 октября, 20:30",Arts Picturehouse,центр,2.3,S045,В кино,https://www.picturehouses.com/movie-details/002/HO00013477/have-you-got-it-yet-the-story-of-syd-barrett-q-a?filter=
дубль строки,дубль строки,Saturday throwing Taster session,"сб, 17 октября, 09:30",Kiln Cambridge,центр,,S184,Научиться,https://www.tickettailor.com/events/kilncambridge
зона не определена (нет postcode),зона не определена (нет postcode),Cambridge Kung Fu — Kids Kung Fu - October Half Term Unlimited Classes,26–30 октября,Hills Road Sports and Tennis Centre,,,kids_collector,Каникулы: куда записать ребёнка,https://cambridgekungfu.com/events-and-updates
зона не определена (нет postcode),зона не определена (нет postcode),Elite Swimming Academy — School Holiday Intensive Swimming Course,21 декабря – 1 января 2027,,,,kids_collector,Каникулы: куда записать ребёнка,https://eliteswimmingacademy.co.uk
зона не определена (нет postcode),зона не определена (нет postcode),Elite Swimming Academy — School Holiday Intensive Swimming Course,26–30 октября,,,,kids_collector,Каникулы: куда записать ребёнка,https://eliteswimmingacademy.co.uk
зона не определена (нет postcode),зона не определена (нет postcode),Kids Club Ely — Holiday Club,в школьные каникулы,,,,kids_collector,Каникулы: куда записать ребёнка,https://kidsclubely.co.uk/opening-times-and-fees
зона не определена (нет postcode),зона не определена (нет postcode),S4 Swim School — S4 Swim Intensive - Non-Swimmers (Octopus),26–30 октября,,,,kids_collector,Каникулы: куда записать ребёнка,https://s4swimschool.uk/swim-intensives
зона не определена (нет postcode),зона не определена (нет postcode),S4 Swim School — Rookie Lifeguard Course,в школьные каникулы,,,,kids_collector,Каникулы: куда записать ребёнка,https://s4swimschool.uk/swim-intensives
зона не определена (нет postcode),зона не определена (нет postcode),S4 Swim School — S4 Swim Intensive - Beginners (Goldfish),26–30 октября,,,,kids_collector,Каникулы: куда записать ребёнка,https://s4swimschool.uk/swim-intensives
зона не определена (нет postcode),зона не определена (нет postcode),S4 Swim School — S4 Swim Intensive - Improvers (Angelfish),26–30 октября,,,,kids_collector,Каникулы: куда записать ребёнка,https://s4swimschool.uk/swim-intensives
зона не определена (нет postcode),зона не определена (нет postcode),S4 Swim School — S4 Swim Intensive - Advanced,26–30 октября,,,,kids_collector,Каникулы: куда записать ребёнка,https://s4swimschool.uk/swim-intensives
зона не определена (нет postcode),zone unknown (no postcode),"A Just Transition: Jobs, People, Planet (2026-10-10)",,,,,,—,
зона не определена (нет postcode),zone unknown (no postcode),Wave of Light (2026-10-15),,,,,,—,
идёт дольше двух недель — в «Выставки»,runs for more than two weeks — goes to Exhibitions,The Comedy Store 2026 | Cambridge Junction,16 октября – 27 ноября,Cambridge Junction,центр,5.7,S012,Главное на выходные 17–18 октября,https://www.junction.co.uk/events/the-comedy-store-2026/
идёт дольше двух недель — в «Выставки»,runs for more than two weeks — goes to Exhibitions,Cambridge Carbon Footprint's Open Eco Homes,до 18 октября,Multiple locations (10 homes in Cambridge),центр,3.5,S092,Главное на выходные 10–11 октября,https://www.cambridgeindependent.co.uk/news/find-out-more-about-air-source-heat-pumps-at-cambridge-carbo-9484072/
идёт дольше двух недель — в «Выставки»,runs for more than two weeks — goes to Exhibitions,Waterstones Book Events,до 30 октября,Waterstones Book Shop,центр,3.4,S005,Главное на выходные 10–11 октября,https://cambridge105.co.uk/event/waterstones-book-events/
идёт дольше двух недель — в «Выставки»,runs for more than two weeks — goes to Exhibitions,Life Drawing Class | Cambridge Junction,до 14 декабря,Cambridge Junction,центр,3.2,S012,Главное на выходные 10–11 октября,https://www.junction.co.uk/events/life-drawing-class/
идёт дольше двух недель — в «Выставки»,runs for more than two weeks — goes to Exhibitions,Legacies of the Windrush Exhibition,13 октября – 1 ноября,Ely Cathedral,до 30 мин,3.1,S071,Главное на выходные 17–18 октября,https://www.elycathedral.org/events/legacies-of-the-windrush
идёт дольше двух недель — в «Выставки»,runs for more than two weeks — goes to Exhibitions,Indie Fridays | Cambridge Junction,16 октября – 13 ноября,Cambridge Junction,центр,3.1,S012,Главное на выходные 17–18 октября,https://www.junction.co.uk/events/indie-fridays/
идёт дольше двух недель — в «Выставки»,runs for more than two weeks — goes to Exhibitions,Professional Dance Class | Cambridge Junction,до 7 декабря,Cambridge Junction,центр,3.0,S012,Главное на выходные 10–11 октября,https://www.junction.co.uk/events/professional-dance-class/
идёт дольше двух недель — в «Выставки»,runs for more than two weeks — goes to Exhibitions,Creative Café | Cambridge Junction,до 1 декабря,Cambridge Junction,центр,3.0,S012,Главное на выходные 10–11 октября,https://www.junction.co.uk/events/creative-cafe/
идёт дольше двух недель — в «Выставки»,runs for more than two weeks — goes to Exhibitions,Museum Encounters | Cambridge Junction,9 октября – 18 декабря,Cambridge Junction,центр,3.0,S012,Главное на выходные 10–11 октября,https://www.junction.co.uk/events/museum-encounters/
идёт дольше двух недель — в «Выставки»,runs for more than two weeks — goes to Exhibitions,Museum Encounters: Parkinson's Dance Course (Autumn 2026),9 октября – 18 декабря,"Cambridge Junction, Clifton Way, Cambridge, CB1 7GX",центр,3.0,S052,Главное на выходные 10–11 октября,https://www.museums.cam.ac.uk/events/museum-encounters-parkinsons-dance-course-autumn-2026
идёт дольше двух недель — в «Выставки»,runs for more than two weeks — goes to Exhibitions,Museum Boost,9 октября – 18 декабря,"Cambridge Junction, Clifton Way, Cambridge, CB1 7GX",центр,3.0,S052,Главное на выходные 10–11 октября,https://www.museums.cam.ac.uk/events/museum-boost-1
идёт дольше двух недель — в «Выставки»,runs for more than two weeks — goes to Exhibitions,'Polar Panoramas',до 16 января 2027,The Polar Museum,центр,2.8,S052,Главное на выходные 10–11 октября,https://www.museums.cam.ac.uk/events/polar-panoramas
идёт дольше двух недель — в «Выставки»,runs for more than two weeks — goes to Exhibitions,Switzerland,9–24 октября,Theatre Royal,до часа,2.8,S126,Главное на выходные 10–11 октября,https://theatreroyal.org/events/switzerland-thriller/
идёт дольше двух недель — в «Выставки»,runs for more than two weeks — goes to Exhibitions,Misery and Beauty: Harry Becker's Portrait of East Anglian Farm Labour around the Great War,12 октября – 17 декабря,The Robert Cripps Gallery,центр,2.8,S048,Главное на выходные 17–18 октября,https://www.admin.cam.ac.uk/whatson/detail.shtml?uid=70480ab4-8013-49ae-a3c8-57f3bae09d9f
идёт дольше двух недель — в «Выставки»,runs for more than two weeks — goes to Exhibitions,Theatre Tour 2026,до 7 ноября,Theatre Royal,до часа,2.6,S126,Главное на выходные 10–11 октября,https://theatreroyal.org/events/theatre-tour-2026/
идёт дольше двух недель — в «Выставки»,runs for more than two weeks — goes to Exhibitions,Paint a Pic,до 5 декабря,"Station Tavern, Cambridge, Cambridgeshire CB1 2GA",центр,2.5,S001,Главное на выходные 10–11 октября,https://www.visitcambridge.org/event/paint-a-pic/
идёт дольше двух недель — в «Выставки»,runs for more than two weeks — goes to Exhibitions,The Art of Deception,до 31 декабря,Whipple Museum of the History of Science,центр,2.5,S052,Главное на выходные 10–11 октября,https://www.museums.cam.ac.uk/events/art-deception
идёт дольше двух недель — в «Выставки»,runs for more than two weeks — goes to Exhibitions,Friends’ Table,до 15 декабря,Cambridge University Botanic Garden,центр,2.5,S069,Главное на выходные 10–11 октября,https://www.botanic.cam.ac.uk/whats-on/friends-table/
идёт дольше двух недель — в «Выставки»,runs for more than two weeks — goes to Exhibitions,From Magma to Magnets,до 2 марта 2027,Sedgwick Museum of Earth Sciences,центр,2.5,S052,Главное на выходные 10–11 октября,https://www.museums.cam.ac.uk/events/magma-magnets
идёт дольше двух недель — в «Выставки»,runs for more than two weeks — goes to Exhibitions,Moving Objects: stories from behind the scenes at the museum,до 20 декабря,Museum of Archaeology and Anthropology,центр,2.5,S052,Главное на выходные 10–11 октября,https://www.museums.cam.ac.uk/events/moving-objects-stories-behind-scenes-museum
идёт дольше двух недель — в «Выставки»,runs for more than two weeks — goes to Exhibitions,"Living Water: Poetry, Art and the Fight for Clean Rivers",до 5 декабря,Cambridge University Library,центр,2.5,S048,Главное на выходные 10–11 октября,https://www.admin.cam.ac.uk/whatson/detail.shtml?uid=3d5a3429-7440-4e5c-bf62-e298a8845c31
идёт дольше двух недель — в «Выставки»,runs for more than two weeks — goes to Exhibitions,Behind closed doors: Audley End’s Forgotten Interiors,до 30 ноября,Audley End House and Gardens,до 30 мин,2.5,S139,Главное на выходные 10–11 октября,https://www.english-heritage.org.uk/visit/whats-on/audley-end-behind-closed-doors-may-to-nov-2026/
идёт дольше двух недель — в «Выставки»,runs for more than two weeks — goes to Exhibitions,Whatever the Weather photography competition,до 31 октября,Cambridge University Botanic Garden,центр,2.5,S052,Главное на выходные 10–11 октября,https://www.museums.cam.ac.uk/events/whatever-weather-photography-competition
идёт дольше двух недель — в «Выставки»,runs for more than two weeks — goes to Exhibitions,"The Old Palace, King’s Ely Garden Open Days",до 11 октября,Ely,до 30 мин,2.5,S113,Главное на выходные 10–11 октября,https://www.visitely.org.uk/whats-on/uncategorized/the-old-palace-kings-ely-garden-open-days/
идёт дольше двух недель — в «Выставки»,runs for more than two weeks — goes to Exhibitions,Live Piano in the Heart of Cambridge,до 5 декабря,"20 Downing Street Hilton Cambridge City Centre, Cambridge, UK/Ireland CB2 3DT",центр,2.5,S001,Главное на выходные 10–11 октября,https://www.visitcambridge.org/event/live-piano-in-the-heart-of-cambridge-2/
идёт дольше двух недель — в «Выставки»,runs for more than two weeks — goes to Exhibitions,Bach to Baby Family Concert in Cambridge,до 17 октября,"Downing Place URC 4 Downing Place, Cambridge, Cambridge CB2 3EL",центр,2.5,S001,Главное на выходные 10–11 октября,https://www.visitcambridge.org/event/bach-to-baby-family-concert-in-cambridge-2/
идёт дольше двух недель — в «Выставки»,runs for more than two weeks — goes to Exhibitions,Yoga at Audley End,до 30 октября,Audley End House and Gardens,до 30 мин,2.5,S139,Главное на выходные 10–11 октября,https://www.english-heritage.org.uk/visit/whats-on/audley-end---yoga-at-audley-end/
идёт дольше двух недель — в «Выставки»,runs for more than two weeks — goes to Exhibitions,Art Exhibition: 'Images and Other Conversations',до 11 октября,Wolfson College,центр,2.5,S048,Главное на выходные 10–11 октября,https://www.admin.cam.ac.uk/whatson/detail.shtml?uid=5298d7c2-38c8-426d-9c0c-bc0f83403f2c
идёт дольше двух недель — в «Выставки»,runs for more than two weeks — goes to Exhibitions,Wildlife Photography Exhibition,до 31 октября,Ely,до 30 мин,2.5,S113,Главное на выходные 10–11 октября,https://www.visitely.org.uk/whats-on/uncategorized/wildlife-photography-exhibition/
идёт дольше двух недель — в «Выставки»,runs for more than two weeks — goes to Exhibitions,"Monasteries, Mansions, Marriage and Mayhem",до 22 октября,Audley End House and Gardens,до 30 мин,2.5,S139,Главное на выходные 10–11 октября,https://www.english-heritage.org.uk/visit/whats-on/audley-end-monasteries-mansions-marriage-and-mayhem/
идёт дольше двух недель — в «Выставки»,runs for more than two weeks — goes to Exhibitions,PYO Pumpkin Patch,до 31 октября,Bury Lane Farm Shop,до 30 мин,2.5,S178,Главное на выходные 10–11 октября,https://burylane.co.uk/pick-your-own/pumpkins/
идёт дольше двух недель — в «Выставки»,runs for more than two weeks — goes to Exhibitions,Rowan Community Evening Classes,до 19 октября,"Rowan 40 Humberstone Road, Cambridge, Cambridgeshire CB4 1JG",центр,2.5,S001,Главное на выходные 10–11 октября,https://www.visitcambridge.org/event/rowan-community-evening-classes/
идёт дольше двух недель — в «Выставки»,runs for more than two weeks — goes to Exhibitions,Greene King Car Park Space,до 15 июня 2027,Theatre Royal,до часа,2.5,S126,Главное на выходные 10–11 октября,https://theatreroyal.org/events/greene-king-car-park-space/
идёт дольше двух недель — в «Выставки»,runs for more than two weeks — goes to Exhibitions,Secure My Booking – Ticket Protection,до 15 июня 2027,Theatre Royal,до часа,2.5,S126,Главное на выходные 10–11 октября,https://theatreroyal.org/events/secure-my-booking-ticket-protection/
идёт дольше двух недель — в «Выставки»,runs for more than two weeks — goes to Exhibitions,Robinson College — NGS garden opening,до 22 декабря,Robinson College,центр,2.5,S067,Главное на выходные 10–11 октября,https://ngs.org.uk/gardens/robinson-college-cb3/
идёт дольше двух недель — в «Выставки»,runs for more than two weeks — goes to Exhibitions,The Very Hungry Caterpillar™ trail,до 1 ноября,Wimpole Estate (National Trust),до 30 мин,2.5,S070,Главное на выходные 10–11 октября,https://www.nationaltrust.org.uk/visit/cambridgeshire/wimpole-estate/events/8ec4973c-888c-476f-adec-7d599a1d86cf
идёт дольше двух недель — в «Выставки»,runs for more than two weeks — goes to Exhibitions,Halloween in the House,до 1 ноября,Wimpole Estate (National Trust),до 30 мин,2.5,S070,Главное на выходные 10–11 октября,https://www.nationaltrust.org.uk/visit/cambridgeshire/wimpole-estate/events/bb855608-d183-4dc9-9974-afad7768cafb
идёт дольше двух недель — в «Выставки»,runs for more than two weeks — goes to Exhibitions,Exhibition – Abrasions,до 1 ноября,The Edge Cafe,центр,2.5,S005,Главное на выходные 10–11 октября,https://cambridge105.co.uk/event/103157/
идёт дольше двух недель — в «Выставки»,runs for more than two weeks — goes to Exhibitions,Winnie-the-Pooh Centenary Exhibition,до 3 января 2027,Anglesey Abbey (National Trust),до 30 мин,2.5,S070,Главное на выходные 10–11 октября,https://www.nationaltrust.org.uk/visit/cambridgeshire/anglesey-abbey-gardens-and-lode-mill/events/71f1497b-b5dd-4e36-876c-1de5ae4c772f
идёт дольше двух недель — в «Выставки»,runs for more than two weeks — goes to Exhibitions,parkrun,до 26 декабря,Wimpole Estate (National Trust),до 30 мин,2.5,S070,Главное на выходные 10–11 октября,https://www.nationaltrust.org.uk/visit/cambridgeshire/wimpole-estate/events/c0f9fe72-dd2c-4335-a4ed-8bea34b8d651
идёт дольше двух недель — в «Выставки»,runs for more than two weeks — goes to Exhibitions,ABRASIONS – new work by Ian Rawlinson,до 31 октября,"The Edge Cafe 351 Mill Road, Cambridge, Cambs CB1 3DF",центр,2.5,S001,Главное на выходные 10–11 октября,https://www.visitcambridge.org/event/abrasions-new-work-by-ian-rawlinson/
идёт дольше двух недель — в «Выставки»,runs for more than two weeks — goes to Exhibitions,Saturday Morning Make it with Marmalade 'Discover Linocutting' Sessions,до 31 октября,Ely,до 30 мин,2.5,S113,Главное на выходные 10–11 октября,https://www.visitely.org.uk/whats-on/uncategorized/saturday-morning-make-it-with-marmalade-discover-linocutting-sessions/
идёт дольше двух недель — в «Выставки»,runs for more than two weeks — goes to Exhibitions,History Strolls,до 25 октября,Wimpole Estate (National Trust),до 30 мин,2.5,S070,Главное на выходные 10–11 октября,https://www.nationaltrust.org.uk/visit/cambridgeshire/wimpole-estate/events/9ad34f5e-d4db-4f1c-85e5-bccb5eea70c7
идёт дольше двух недель — в «Выставки»,runs for more than two weeks — goes to Exhibitions,Junior parkrun,до 20 декабря,Wimpole Estate (National Trust),до 30 мин,2.5,S070,Главное на выходные 10–11 октября,https://www.nationaltrust.org.uk/visit/cambridgeshire/wimpole-estate/events/9cfc1bee-1cb7-4e07-a010-f4deec2fb46d
идёт дольше двух недель — в «Выставки»,runs for more than two weeks — goes to Exhibitions,TOUR: Collecting Passions,до 28 октября,Anglesey Abbey (National Trust),до 30 мин,2.5,S070,Главное на выходные 10–11 октября,https://www.nationaltrust.org.uk/visit/cambridgeshire/anglesey-abbey-gardens-and-lode-mill/events/62cd4ecc-89f6-4514-b272-d3f42e5c9e61
идёт дольше двух недель — в «Выставки»,runs for more than two weeks — goes to Exhibitions,Knit and Stitch Mondays,до 14 декабря,Wicken Fen (National Trust),до 30 мин,2.5,S070,Главное на выходные 10–11 октября,https://www.nationaltrust.org.uk/visit/cambridgeshire/wicken-fen-national-nature-reserve/events/641d52f6-6585-45fc-ba01-c58100283c92
идёт дольше двух недель — в «Выставки»,runs for more than two weeks — goes to Exhibitions,Anglesey Abbey: Made and Remade,до 29 октября,Anglesey Abbey (National Trust),до 30 мин,2.5,S070,Главное на выходные 10–11 октября,https://www.nationaltrust.org.uk/visit/cambridgeshire/anglesey-abbey-gardens-and-lode-mill/events/9b72af23-fc61-4da4-8c9f-4c61446b509a
идёт дольше двух недель — в «Выставки»,runs for more than two weeks — goes to Exhibitions,Little Acorns at the Farm,до 1 декабря,Wimpole Estate (National Trust),до 30 мин,2.5,S070,Главное на выходные 10–11 октября,https://www.nationaltrust.org.uk/visit/cambridgeshire/wimpole-estate/events/fa81e6b1-cef9-462b-ab8e-7469fb5d8852
идёт дольше двух недель — в «Выставки»,runs for more than two weeks — goes to Exhibitions,Wednesday Walks,до 30 декабря,Wimpole Estate (National Trust),до 30 мин,2.5,S070,Главное на выходные 10–11 октября,https://www.nationaltrust.org.uk/visit/cambridgeshire/wimpole-estate/events/be2233cd-9a93-4dcc-93ed-3a46311aa075
идёт дольше двух недель — в «Выставки»,runs for more than two weeks — goes to Exhibitions,Exhibition: All of Us Witches,8 октября – 4 ноября,"Stories of Lynn Museum, King's Lynn",до часа,2.5,S183,Главное на выходные 10–11 октября,https://www.visitwestnorfolk.com/experiences/events/
идёт дольше двух недель — в «Выставки»,runs for more than two weeks — goes to Exhibitions,Exhibition: Folklore,16 октября – 3 мая 2027,The Museum of Cambridge,центр,2.5,S130,Главное на выходные 17–18 октября,https://www.museumofcambridge.org.uk/event/folklore/
идёт дольше двух недель — в «Выставки»,runs for more than two weeks — goes to Exhibitions,Mucky Pups,16 октября – 13 ноября,Wicken Fen (National Trust),до 30 мин,2.5,S070,Главное на выходные 17–18 октября,https://www.nationaltrust.org.uk/visit/cambridgeshire/wicken-fen-national-nature-reserve/events/253a96b0-94a3-47bd-8824-76231be742d8
идёт дольше двух недель — в «Выставки»,runs for more than two weeks — goes to Exhibitions,Touch Tour,17 октября – 10 марта 2027,Theatre Royal,до часа,2.5,S126,Главное на выходные 17–18 октября,https://theatreroyal.org/events/touch-tour/
идёт дольше двух недель — в «Выставки»,runs for more than two weeks — goes to Exhibitions,Living Links Trail,17 октября – 23 декабря,Cambridge University Botanic Garden,центр,2.5,S069,Главное на выходные 17–18 октября,https://www.botanic.cam.ac.uk/whats-on/living-links-trail/
"кинотеатр округи: этот показ есть и в Кембридже (Light, Arts Picturehouse)","кинотеатр округи: этот показ есть и в Кембридже (Light, Arts Picturehouse)",Queen Budapest (Wisbech),,,,,,—,
"кинотеатр округи: этот показ есть и в Кембридже (Light, Arts Picturehouse)","кинотеатр округи: этот показ есть и в Кембридже (Light, Arts Picturehouse)",Hadestown: The Musical (Haverhill),,,,,,—,
"кинотеатр округи: этот показ есть и в Кембридже (Light, Arts Picturehouse)","кинотеатр округи: этот показ есть и в Кембридже (Light, Arts Picturehouse)",Hadestown: The Musical (St Ives),,,,,,—,
"кинотеатр округи: этот показ есть и в Кембридже (Light, Arts Picturehouse)","кинотеатр округи: этот показ есть и в Кембридже (Light, Arts Picturehouse)",Hadestown: The Musical (Wisbech),,,,,,—,
лекции talks.cam с «Title to be confirmed»,talks.cam lectures with “Title to be confirmed”,Title to be confirmed - TBC (2026-10-13),,,,,,—,
лекции talks.cam с «Title to be confirmed»,talks.cam lectures with “Title to be confirmed”,Title to be confirmed - Prof Bulbul Chakraborty (Brandeis) (2026-10-14),,,,,,—,
лимит подраздела (4),лимит подраздела (4),After School Club,,Millennium Woods,до 30 мин,,,С детьми,https://butterfliesforestschool.co.uk/sessions
лимит подраздела (4),лимит подраздела (4),Under 5's Stay & Play,,Wilburton,до 30 мин,,,С детьми,https://butterfliesforestschool.co.uk/sessions
лимит подраздела (4),лимит подраздела (4),Home Ed: Drop-off,,Wilburton,до 30 мин,,,С детьми,https://butterfliesforestschool.co.uk/sessions
лимит подраздела (4),лимит подраздела (4),Home Ed: Stay & Play,,Wilburton,до 30 мин,,,С детьми,https://butterfliesforestschool.co.uk/sessions
лимит подраздела (4),лимит подраздела (4),Cambridge Junior Chess and Go Club,,St Augustine's Hall,центр,,,С детьми,http://chessgo.org.uk/
лимит подраздела (4),лимит подраздела (4),Gymnastics Classes,,"Anglian Leisure, The Netherhall School",до 30 мин,,,С детьми,https://dreamweavergymnastics.com
лимит подраздела (4),лимит подраздела (4),Cambridge Kestrels Senior Men Basketball,,Northstowe Secondary College Sports Hall,до 30 мин,,,С детьми,https://fastbreakbasketball.co.uk/clubs/cambridge
лимит подраздела (4),лимит подраздела (4),Brazilian Jiu-Jitsu (BJJ) kids classes,,Axis BJJ Academy,центр,,,С детьми,https://kidsmartialartscambridge.co.uk/
лимит подраздела (4),лимит подраздела (4),Summer Net Sessions,,The Sycamores Recreation Ground,центр,,,С детьми,https://miltoncricket.org.uk/cricket-coaching-cambridge
лимит рубрики (6 строк),лимит рубрики (6 строк),Welly Walk October 2026,"чт, 15 октября, 10:30",Cambridge University Botanic Garden,центр,3.0,"S052,S069",В музеях и усадьбах,https://www.museums.cam.ac.uk/events/welly-walk-october-2026
лимит рубрики (6 строк),лимит рубрики (6 строк),HH Researchers' social with President (by invitation),"ср, 14 октября",Hughes Hall,центр,2.5,S175,В колледжах,https://www.hughes.cam.ac.uk/about/events/hh-postdocs-social-2026/
лимит рубрики (6 строк),лимит рубрики (6 строк),Pop-up plant sale,"пт, 16 октября, 11:00",Hughes Hall,центр,2.5,S175,В колледжах,https://www.hughes.cam.ac.uk/about/events/pop-up-plant-sale-3/
лимит рубрики (6 строк),лимит рубрики (6 строк),Glasshouse Chilli Tours,до 9 октября,Wimpole Estate (National Trust),до 30 мин,2.5,S070,В музеях и усадьбах,https://www.nationaltrust.org.uk/visit/cambridgeshire/wimpole-estate/events/f2384da2-d8a5-4460-854d-4e6a43a3dafd
лимит рубрики (6 строк),лимит рубрики (6 строк),Healthy Walking at Wandlebury,"чт, 8 октября и чт, 15 октября",Wandlebury Country Park,до 30 мин,2.5,S131,В музеях и усадьбах,https://cambridgeppf.org/etn/healthy-walking-at-wandlebury-2/healthy-walking-at-wandlebury-16/
лимит рубрики (6 строк),лимит рубрики (6 строк),Willow Weaving (Swallow),"вт, 13 октября и ср, 14 октября",Wimpole Estate (National Trust),до 30 мин,2.5,S070,В музеях и усадьбах,https://www.nationaltrust.org.uk/visit/cambridgeshire/wimpole-estate/events/d018844e-5ef5-4c9d-9ba7-a0ca15de50cb
лимит рубрики (6 строк),лимит рубрики (6 строк),Two Day Screen Printing on Glass Masterclass with James Cockerill,"чт, 8 октября, 10:00",The Stained Glass Museum,до 30 мин,,S184,Научиться,https://stainedglassmuseum.com/whatson.php?filter=catAdult+Workshop
лимит рубрики (6 строк),лимит рубрики (6 строк),Gods in the garden: Classicism in 18th-century gardens,"сб, 17 октября, 18:30",Cambridge University Botanic Garden,центр,,S184,Научиться,https://www.botanic.cam.ac.uk/learning/courses/gods-in-the-garden-classicism-in-18th-century-gardens/
лист ожидания,лист ожидания,Hauxton Thursdays Dodgeball Age 9-12,,Hauxton Centre,до 30 мин,,,С детьми,https://gkfit.co.uk/daytime
лист ожидания,лист ожидания,Royston Wednesdays Multisports Age 9-12,,"Everyone Active, Royston Leisure Centre",до 30 мин,,,С детьми,https://gkfit.co.uk/daytime
лист ожидания,лист ожидания,Royston Wednesdays Multisports Age 5-8,,"Everyone Active, Royston Leisure Centre",до 30 мин,,,С детьми,https://gkfit.co.uk/daytime
"мало данных для строки (нет ни дня, ни места)","мало данных для строки (нет ни дня, ни места)",Kids,,,центр,,,С детьми,https://bjjcambridge.co.uk/childrens-bjj-classes
"мало данных для строки (нет ни дня, ни места)","мало данных для строки (нет ни дня, ни места)",Rumble Tots,,,центр,,,С детьми,https://bjjcambridge.co.uk/childrens-bjj-classes
"мало данных для строки (нет ни дня, ни места)","мало данных для строки (нет ни дня, ни места)",Pee Wees,,,центр,,,С детьми,https://bjjcambridge.co.uk/childrens-bjj-classes
"мало данных для строки (нет ни дня, ни места)","мало данных для строки (нет ни дня, ни места)",Adaptive rowing,,,центр,,,С детьми,https://www.cambridge.gov.uk/inclusive-physical-activities
мест нет,мест нет,Barracudas — Minecraft - Cambridge Long Road,в школьные каникулы,Long Road Sixth Form College,до 30 мин,,kids_collector,Каникулы: куда записать ребёнка,http://barracudas.co.uk/camps/minecraft-cambridge-long-road
модель предпочла пункт с меньшей оценкой — причина не указана (проверка ответа),the model preferred a lower-scored item — no reason given (answer check),Simply Red,"сб, 21 августа 2027",Newmarket,до 30 мин,10.0,"S003,S021,S128",Новые анонсы,https://www.thejockeyclub.co.uk/newmarket/events-tickets/newmarket-nights/simply-red/
модель предпочла пункт с меньшей оценкой — причина не указана (проверка ответа),the model preferred a lower-scored item — no reason given (answer check),The Proclaimers,"вт, 3 ноября",Cambridge Corn Exchange,центр,8.5,"S011,S091",Успейте купить билеты,https://www.cornex.co.uk/events/the-proclaimers
модель предпочла пункт с меньшей оценкой — причина не указана (проверка ответа),the model preferred a lower-scored item — no reason given (answer check),Olly Murs,"пт, 25 июня 2027",Newmarket Racecourse,до 30 мин,8.4,S128,Новые анонсы,https://www.ents24.com/newmarket-events/newmarket-racecourse/olly-murs/7540370
модель предпочла пункт с меньшей оценкой — причина не указана (проверка ответа),the model preferred a lower-scored item — no reason given (answer check),JACK SAVORETTI,"вс, 8 ноября",Cambridge Corn Exchange,центр,8.3,"S011,S091",Успейте купить билеты,https://www.cornex.co.uk/events/jack-savoretti
модель предпочла пункт с меньшей оценкой — причина не указана (проверка ответа),the model preferred a lower-scored item — no reason given (answer check),Jonathan Pie,"ср, 28 октября",Cambridge Corn Exchange,центр,7.9,"S006,S011,S091",Успейте купить билеты,https://www.cornex.co.uk/events/jonathan-pie
модель предпочла пункт с меньшей оценкой — причина не указана (проверка ответа),the model preferred a lower-scored item — no reason given (answer check),The Beat Starring Dave Wakeling,"вс, 18 октября",Cambridge Corn Exchange,центр,6.9,S006,Главное на выходные 17–18 октября,https://www.ents24.com/cambridge-events/cambridge-corn-exchange/the-beat-starring-dave-wakeling/7405190
модель предпочла пункт с меньшей оценкой — причина не указана (проверка ответа),the model preferred a lower-scored item — no reason given (answer check),Reef | Cambridge Junction,"пт, 9 октября, 19:00",Cambridge Junction,центр,6.9,"S012,S151","На неделе: концерты, театр, комедия",https://www.junction.co.uk/events/reef/
модель предпочла пункт с меньшей оценкой — причина не указана (проверка ответа),the model preferred a lower-scored item — no reason given (answer check),Antony Szmierek | Cambridge Junction,"вс, 11 октября, 19:00",Cambridge Junction,центр,6.4,"S012,S151",Главное на выходные 10–11 октября,https://www.junction.co.uk/events/antony-szmierek/
модель предпочла пункт с меньшей оценкой — причина не указана (проверка ответа),the model preferred a lower-scored item — no reason given (answer check),The Bluetones | Cambridge Junction,"пт, 23 октября, 19:00",Cambridge Junction,центр,6.3,S012,Успейте купить билеты,https://www.junction.co.uk/events/the-bluetones/
модель предпочла пункт с меньшей оценкой — причина не указана (проверка ответа),the model preferred a lower-scored item — no reason given (answer check),Dick Valentine,"пт, 9 октября, 18:30",Mash,центр,5.8,"S006,S151","На неделе: концерты, театр, комедия",https://www.ents24.com/cambridge-events/mash/dick-valentine/7509603
модель предпочла пункт с меньшей оценкой — причина не указана (проверка ответа),the model preferred a lower-scored item — no reason given (answer check),Under control?  The hidden technology of automatic control past and future,"пн, 12 октября, 17:30",Department of Chemistry,центр,2.9,S048,Бесплатно,https://www.admin.cam.ac.uk/whatson/detail.shtml?uid=d828f71d-7634-4505-97df-4245ed988106
модель предпочла пункт с меньшей оценкой — причина не указана (проверка ответа),the model preferred a lower-scored item — no reason given (answer check),PHOENIX BEDFORDSHIRE Freaky Phoenix Friday,"пт, 16 октября","Biggleswade, Bedfordshire",до часа,2.7,S152,Спорт,https://findarace.com/events/phoenix-bedfordshire-freaky-phoenix-friday
модель предпочла пункт с меньшей оценкой — стал бы третьим пунктом от Junction при уже заполненном лимите по площадке,"the model preferred a lower-scored item — would have been a third Junction item, and venue cap is already reached",Hayseed Dixie | Cambridge Junction,"пт, 16 октября, 19:00",Cambridge Junction,центр,6.2,"S012,S151","На неделе: концерты, театр, комедия",https://www.junction.co.uk/events/hayseed-dixie/
"модель предпочла пункт с меньшей оценкой — хоровой концерт, важность ниже отобранных пунктов","the model preferred a lower-scored item — choral concert, lower importance than items chosen",Spem In Alium: I Fagiolini at 40,"сб, 10 октября, 19:30",Saffron Hall,до 30 мин,4.9,S017,Главное на выходные 10–11 октября,https://www.saffronhall.com/whats-on/view/spem-in-alium-i-fagolini-at-40
набор закрыт,набор закрыт,Junior Netball,,Kings School,до 30 мин,,,С детьми,http://www.cityofelynetball.co.uk/juniors
набор закрыт,набор закрыт,After School Gymnastics Club,,Isle of Ely Primary School,до 30 мин,,,С детьми,https://www.premier-education.com/parents/venue/courses/24179/
набор не объявлен,набор не объявлен,Swimming Lessons,,Archdeacon Cambridge School,центр,,,С детьми,https://aquastarsorg.co.uk/welcome
набор не объявлен,набор не объявлен,Kids Kung Fu - Tiny Tigers,,Hills Road Sports and Tennis Centre,,,,С детьми,https://cambridgekungfu.com/events-and-updates
набор не объявлен,набор не объявлен,Youth Kung Fu - Intermediate,,Hills Road Sports and Tennis Centre,,,,С детьми,https://cambridgekungfu.com/events-and-updates
набор не объявлен,набор не объявлен,Kids Kung Fu - Junior Warriors,,Hills Road Sports and Tennis Centre,,,,С детьми,https://cambridgekungfu.com/events-and-updates
набор не объявлен,набор не объявлен,Youth Kung Fu - Beginner,,Hills Road Sports and Tennis Centre,,,,С детьми,https://cambridgekungfu.com/events-and-updates
набор не объявлен,набор не объявлен,Kids Kung Fu - Little Dragons,,Hills Road Sports and Tennis Centre,,,,С детьми,https://cambridgekungfu.com/events-and-updates
набор не объявлен,набор не объявлен,Youth Kung Fu - Senior,,Hills Road Sports and Tennis Centre,,,,С детьми,https://cambridgekungfu.com/events-and-updates
набор не объявлен,набор не объявлен,Wing Chun,,Hills Road Sports and Tennis Centre,,,,С детьми,https://cambridgekungfu.com/events-and-updates
набор не объявлен,набор не объявлен,Wisbech Science Centre - Public visits (Term times),,Horsefair Shopping Centre,"Кембриджшир, дальше часа",,,С детьми,https://www.cambridgesciencecentre.org/opening-times/
набор не объявлен,набор не объявлен,Cambridge Science Centre - Public visits (Term times),,Cambridge Science Park,центр,,,С детьми,https://www.cambridgesciencecentre.org/opening-times/
набор не объявлен,набор не объявлен,Academy 2,,,центр,,,С детьми,https://cocsc.org.uk/page/squads/academy-squads
набор не объявлен,набор не объявлен,Academy 1,,,центр,,,С детьми,https://cocsc.org.uk/page/squads/academy-squads
набор не объявлен,набор не объявлен,Academy 3,,,центр,,,С детьми,https://cocsc.org.uk/page/squads/academy-squads
набор не объявлен,набор не объявлен,DL Kids classes - Design Squad,,David Lloyd Bury St Edmunds,до часа,,,С детьми,https://davidlloyd.co.uk/clubs/bury-st-edmunds/club-facilities/kids-club
набор не объявлен,набор не объявлен,Kids swimming lessons - Swim Stars,,David Lloyd Bury St Edmunds,до часа,,,С детьми,https://davidlloyd.co.uk/clubs/bury-st-edmunds/club-facilities/kids-club
набор не объявлен,набор не объявлен,DL Kids classes - Sports Squad,,David Lloyd Bury St Edmunds,до часа,,,С детьми,https://davidlloyd.co.uk/clubs/bury-st-edmunds/club-facilities/kids-club
набор не объявлен,набор не объявлен,DL Kids classes - Lego Squad,,David Lloyd Bury St Edmunds,до часа,,,С детьми,https://davidlloyd.co.uk/clubs/bury-st-edmunds/club-facilities/kids-club
набор не объявлен,набор не объявлен,DL Kids classes - Action Squad,,David Lloyd Bury St Edmunds,до часа,,,С детьми,https://davidlloyd.co.uk/clubs/bury-st-edmunds/club-facilities/kids-club
набор не объявлен,набор не объявлен,Kids tennis lessons - Tennis Stars,,David Lloyd Bury St Edmunds,до часа,,,С детьми,https://davidlloyd.co.uk/clubs/bury-st-edmunds/club-facilities/kids-club
набор не объявлен,набор не объявлен,Weekly Drama and Musical Theatre Classes,,,центр,,,С детьми,https://dramaticmoments.co.uk
набор не объявлен,набор не объявлен,Cambridge Kestrels U14 National League Team,,,центр,,,С детьми,https://fastbreakbasketball.co.uk/clubs/cambridge
набор не объявлен,набор не объявлен,Home Ed Hawks,,Hinchingbrooke Country Park,,,,С детьми,https://firefliesforestschool.co.uk/about-us
набор не объявлен,набор не объявлен,Baby Acorns,,Hinchingbrooke Country Park,,,,С детьми,https://firefliesforestschool.co.uk/about-us
набор не объявлен,набор не объявлен,Twiglets,,Hinchingbrooke Country Park,,,,С детьми,https://firefliesforestschool.co.uk/about-us
набор не объявлен,набор не объявлен,Little Skills,,,,,,С детьми,https://gkfit.co.uk/daytime
набор не объявлен,набор не объявлен,Breakfast Buddies,,,,,,С детьми,https://kidsclubely.co.uk/opening-times-and-fees
набор не объявлен,набор не объявлен,After School Club,,,,,,С детьми,https://kidsclubely.co.uk/opening-times-and-fees
набор не объявлен,набор не объявлен,Breakfast Club,,Newborough C of E Primary School,"Кембриджшир, дальше часа",,,С детьми,https://newboroughkidzclub.co.uk
набор не объявлен,набор не объявлен,After School Club,,Newborough C of E Primary School,"Кембриджшир, дальше часа",,,С детьми,https://newboroughkidzclub.co.uk
набор не объявлен,набор не объявлен,Broadway Jazz Dance Class,,Perse Upper School Performing Arts Centre,центр,,,С детьми,https://papa.perse.co.uk/dance
набор не объявлен,набор не объявлен,Breakfast Wraparound Care,,Isle of Ely Primary School,до 30 мин,,,С детьми,https://www.premier-education.com/parents/venue/courses/24179/
набор не объявлен,набор не объявлен,After School Wraparound Care,,Isle of Ely Primary School,до 30 мин,,,С детьми,https://www.premier-education.com/parents/venue/courses/24179/
набор не объявлен,набор не объявлен,Breakfast Wraparound Care,,Isle of Ely Primary School,до 30 мин,,,С детьми,https://www.premier-education.com/parents/venue/courses/24179/
набор не объявлен,набор не объявлен,After School Wraparound Care,,Isle of Ely Primary School,до 30 мин,,,С детьми,https://www.premier-education.com/parents/venue/courses/24179/
набор не объявлен,набор не объявлен,Breakfast Wraparound Care,,Isle of Ely Primary School,до 30 мин,,,С детьми,https://www.premier-education.com/parents/venue/courses/24179/
набор не объявлен,набор не объявлен,After School Wraparound Care,,Isle of Ely Primary School,до 30 мин,,,С детьми,https://www.premier-education.com/parents/venue/courses/24179/
набор не объявлен,набор не объявлен,Breakfast Wraparound Care,,Isle of Ely Primary School,до 30 мин,,,С детьми,https://www.premier-education.com/parents/venue/courses/24179/
набор не объявлен,набор не объявлен,After School Wraparound Care,,Isle of Ely Primary School,до 30 мин,,,С детьми,https://www.premier-education.com/parents/venue/courses/24179/
набор не объявлен,набор не объявлен,After School Wraparound Care,,St Christopher's CEVCP School,до часа,,,С детьми,https://premier-education.com/parents/venue/courses/16104-930709?back=1&school=Fringford%20C%20of%20E
набор не объявлен,набор не объявлен,Breakfast Wraparound Care,,St Christopher's CEVCP School,до часа,,,С детьми,https://premier-education.com/parents/venue/courses/16104-930709?back=1&school=Fringford%20C%20of%20E
набор не объявлен,набор не объявлен,Breakfast Club,,St Philips Primary School,центр,,,С детьми,https://tjkids.co.uk
набор не объявлен,набор не объявлен,After School Club,,St Philips Primary School,центр,,,С детьми,https://tjkids.co.uk
набор не объявлен,набор не объявлен,Forest School Sessions,,St Philips Primary School,центр,,,С детьми,https://tjkids.co.uk
набор не объявлен явно (нет фразы о новых участниках или пробном занятии),набор не объявлен явно (нет фразы о новых участниках или пробном занятии),Cambridge Adult Disability MultiSport (CADMuS) club,,University of Cambridge Cadmus Club,центр,,,С детьми,https://www.cambridge.gov.uk/inclusive-physical-activities
набор не объявлен явно (нет фразы о новых участниках или пробном занятии),набор не объявлен явно (нет фразы о новых участниках или пробном занятии),Disability football - female (ages 16+),,Coleridge Community College,центр,,,С детьми,https://www.cambridge.gov.uk/inclusive-physical-activities
набор не объявлен явно (нет фразы о новых участниках или пробном занятии),набор не объявлен явно (нет фразы о новых участниках или пробном занятии),Tennis,,Cambridge Lawn Tennis Club,центр,,,С детьми,https://www.cambridge.gov.uk/inclusive-physical-activities
набор не объявлен явно (нет фразы о новых участниках или пробном занятии),набор не объявлен явно (нет фразы о новых участниках или пробном занятии),Athletics,,Cambridge University Athletic Track,центр,,,С детьми,https://www.cambridge.gov.uk/inclusive-physical-activities
набор не объявлен явно (нет фразы о новых участниках или пробном занятии),набор не объявлен явно (нет фразы о новых участниках или пробном занятии),Badminton,,Trumpington Sport Centre,центр,,,С детьми,https://www.cambridge.gov.uk/inclusive-physical-activities
набор не объявлен явно (нет фразы о новых участниках или пробном занятии),набор не объявлен явно (нет фразы о новых участниках или пробном занятии),Bounce activity club,,Brown's Field Community Centre,центр,,,С детьми,https://www.cambridge.gov.uk/inclusive-physical-activities
набор не объявлен явно (нет фразы о новых участниках или пробном занятии),набор не объявлен явно (нет фразы о новых участниках или пробном занятии),Climbing - autism-friendly and Send sessions,,Clip 'n Climb Cambridge,центр,,,С детьми,https://www.cambridge.gov.uk/inclusive-physical-activities
набор не объявлен явно (нет фразы о новых участниках или пробном занятии),набор не объявлен явно (нет фразы о новых участниках или пробном занятии),Dance and fitness for people with Down's syndrome,,Chesterton Community College,центр,,,С детьми,https://www.cambridge.gov.uk/inclusive-physical-activities
набор не объявлен явно (нет фразы о новых участниках или пробном занятии),набор не объявлен явно (нет фразы о новых участниках или пробном занятии),All ages disability football (ages 9-15),,Long Road Sixth Form College,центр,,,С детьми,https://www.cambridge.gov.uk/inclusive-physical-activities
набор не объявлен явно (нет фразы о новых участниках или пробном занятии),набор не объявлен явно (нет фразы о новых участниках или пробном занятии),Wheelchair and powerchair football,,Coleridge Community College,центр,,,С детьми,https://www.cambridge.gov.uk/inclusive-physical-activities
набор не объявлен явно (нет фразы о новых участниках или пробном занятии),набор не объявлен явно (нет фразы о новых участниках или пробном занятии),All ages disability football (ages 16+),,Long Road Sixth Form College,центр,,,С детьми,https://www.cambridge.gov.uk/inclusive-physical-activities
набор не объявлен явно (нет фразы о новых участниках или пробном занятии),набор не объявлен явно (нет фразы о новых участниках или пробном занятии),Gymnastics for adults,,,центр,,,С детьми,https://www.cambridge.gov.uk/inclusive-physical-activities
набор не объявлен явно (нет фразы о новых участниках или пробном занятии),набор не объявлен явно (нет фразы о новых участниках или пробном занятии),Junior gym,,Parkside Pools and Abbey Leisure Complex,центр,,,С детьми,https://www.cambridge.gov.uk/physical-activities-for-young-people
набор не объявлен явно (нет фразы о новых участниках или пробном занятии),набор не объявлен явно (нет фразы о новых участниках или пробном занятии),All ages disability football (ages 8 and younger),,Long Road Sixth Form College,центр,,,С детьми,https://www.cambridge.gov.uk/inclusive-physical-activities
набор не объявлен явно (нет фразы о новых участниках или пробном занятии),набор не объявлен явно (нет фразы о новых участниках или пробном занятии),Families Moving courses,,,центр,,,С детьми,https://www.cambridge.gov.uk/physical-activities-for-families
набор не объявлен явно (нет фразы о новых участниках или пробном занятии),набор не объявлен явно (нет фразы о новых участниках или пробном занятии),Inclusive football for home-educated children (ages 12-15),,Abbey Leisure Complex,центр,,,С детьми,https://www.cambridge.gov.uk/inclusive-physical-activities
набор не объявлен явно (нет фразы о новых участниках или пробном занятии),набор не объявлен явно (нет фразы о новых участниках или пробном занятии),Accessible cycling,,Milton Country Park,до 30 мин,,,С детьми,https://www.cambridge.gov.uk/inclusive-physical-activities
набор не объявлен явно (нет фразы о новых участниках или пробном занятии),набор не объявлен явно (нет фразы о новых участниках или пробном занятии),Adaptive martial arts (ages 15+),,University of Cambridge Sport Centre,центр,,,С детьми,https://www.cambridge.gov.uk/inclusive-physical-activities
набор не объявлен явно (нет фразы о новых участниках или пробном занятии),набор не объявлен явно (нет фразы о новых участниках или пробном занятии),Adaptive martial arts (ages 7-14),,University of Cambridge Sport Centre,центр,,,С детьми,https://www.cambridge.gov.uk/inclusive-physical-activities
набор не объявлен явно (нет фразы о новых участниках или пробном занятии),набор не объявлен явно (нет фразы о новых участниках или пробном занятии),Premier League Kicks,,"Several areas of the city (Abbey, Arbury, Orchard Park, Trumpington)",центр,,,С детьми,https://www.cambridge.gov.uk/physical-activities-for-young-people
набор не объявлен явно (нет фразы о новых участниках или пробном занятии),набор не объявлен явно (нет фразы о новых участниках или пробном занятии),Adaptive swimming,,Abbey Leisure Complex and Parkside Pools,центр,,,С детьми,https://www.cambridge.gov.uk/inclusive-physical-activities
набор не объявлен явно (нет фразы о новых участниках или пробном занятии),набор не объявлен явно (нет фразы о новых участниках или пробном занятии),Inclusive football for home-educated children (ages 7-11),,Abbey Leisure Complex,центр,,,С детьми,https://www.cambridge.gov.uk/inclusive-physical-activities
набор не объявлен явно (нет фразы о новых участниках или пробном занятии),набор не объявлен явно (нет фразы о новых участниках или пробном занятии),Disability football - male (ages 16+),,Coleridge Community Centre,центр,,,С детьми,https://www.cambridge.gov.uk/inclusive-physical-activities
набор не объявлен явно (нет фразы о новых участниках или пробном занятии),набор не объявлен явно (нет фразы о новых участниках или пробном занятии),Children's Term Time Swimming Lessons,,,,,,С детьми,https://eliteswimmingacademy.co.uk
набор не объявлен явно (нет фразы о новых участниках или пробном занятии),набор не объявлен явно (нет фразы о новых участниках или пробном занятии),Group Riding Lesson,,Monach Riding,,,,С детьми,https://monachriding.co.uk/riding-lessons
набор не объявлен явно (нет фразы о новых участниках или пробном занятии),набор не объявлен явно (нет фразы о новых участниках или пробном занятии),Riding lessons,,Monach Farm Riding Stables,,,,С детьми,https://monachriding.co.uk
набор не объявлен явно (нет фразы о новых участниках или пробном занятии),набор не объявлен явно (нет фразы о новых участниках или пробном занятии),Rockets Netball Club,,The Netherhall School,до 30 мин,,,С детьми,http://rocketsnc.co.uk/
набор не объявлен явно (нет фразы о новых участниках или пробном занятии),набор не объявлен явно (нет фразы о новых участниках или пробном занятии),Pony Days,,South Cambridgeshire Equestrian Centre,,,,С детьми,https://scec.co.uk/south-cambridgeshire-riding-school
набор не объявлен явно (нет фразы о новых участниках или пробном занятии),набор не объявлен явно (нет фразы о новых участниках или пробном занятии),Group Lessons,,South Cambridgeshire Equestrian Centre,,,,С детьми,https://scec.co.uk/south-cambridgeshire-riding-school
набор не объявлен явно (нет фразы о новых участниках или пробном занятии),набор не объявлен явно (нет фразы о новых участниках или пробном занятии),Private Lessons,,South Cambridgeshire Equestrian Centre,,,,С детьми,https://scec.co.uk/south-cambridgeshire-riding-school
"не подходит ни под одну рубрику (будни не на сцене, не бесплатно, не для детей …)","fits no rubric (weekday event outside the stage rubric, not free, not for kids …)",Wild on the Water: Wildlife Photography by Punt,"ср, 14 октября",Scudamore's Mill Lane Punting Station,центр,3.0,S008,—,https://www.eventbrite.co.uk/e/wild-on-the-water-wildlife-photography-by-punt-tickets-1998649130351
"не подходит ни под одну рубрику (будни не на сцене, не бесплатно, не для детей …)","fits no rubric (weekday event outside the stage rubric, not free, not for kids …)",Speed Dating in Cambridge Ages 40-59ish,"чт, 8 октября",Browns Cambridge,центр,2.7,S008,—,https://www.eventbrite.co.uk/e/speed-dating-in-cambridge-ages-40-59ish-tickets-1999781094085
"не подходит ни под одну рубрику (будни не на сцене, не бесплатно, не для детей …)","fits no rubric (weekday event outside the stage rubric, not free, not for kids …)",Poetry + Pints,"чт, 8 октября",The Handsome Prince,центр,2.6,S008,—,https://www.eventbrite.co.uk/e/poetry-pints-tickets-2001578380818
"не подходит ни под одну рубрику (будни не на сцене, не бесплатно, не для детей …)","fits no rubric (weekday event outside the stage rubric, not free, not for kids …)",Hot Numbers Discovery Sessions,"чт, 8 октября, 19:00",Hot Numbers on Gwydir Street,центр,2.5,S150,—,https://www.cmp.cam.ac.uk/events/event/item/hot-numbers-discovery-sessions/
"не подходит ни под одну рубрику (будни не на сцене, не бесплатно, не для детей …)","fits no rubric (weekday event outside the stage rubric, not free, not for kids …)",Volunteer Work Party,"вт, 13 октября, 10:30",Coton Countryside Reserve,центр,2.5,S131,—,https://cambridgeppf.org/etn/volunteer-work-party-34/
"не подходит ни под одну рубрику (будни не на сцене, не бесплатно, не для детей …)","fits no rubric (weekday event outside the stage rubric, not free, not for kids …)",A Very Superior Lady: The remarkable life and diaries of Annie Amos,"вт, 13 октября, 19:30",Ross Street Community Centre,центр,2.5,S048,—,https://www.admin.cam.ac.uk/whatson/detail.shtml?uid=80d632af-e15c-43b5-88c4-6c141ee7ef28
"не подходит ни под одну рубрику (будни не на сцене, не бесплатно, не для детей …)","fits no rubric (weekday event outside the stage rubric, not free, not for kids …)",An Evening with Colette Paul in Cambridge,"ср, 14 октября",Waterstones,центр,2.0,S008,—,https://www.eventbrite.co.uk/e/an-evening-with-colette-paul-in-cambridge-tickets-1999776680885
не проверено на сайте провайдера,не проверено на сайте провайдера,Primary Sports Stars — Cheerful Champs holiday club,26 октября,"St Mary's, Mildenhall",до часа,,web_search,Каникулы: куда записать ребёнка,https://activities.bookpebble.co.uk/activity/cheerful-champs-mildenhall-holiday-club-st-marys-mildenhall-october-26-bury-st-edmunds-5d5fcf7d-22d5-47ef-8e6e-444bd5ecf538
не проверено: дат на странице нет,not verified: дат на странице нет,Stagecoach Cambridge — holiday workshops,,,,,web_search,Каникулы: куда записать ребёнка,https://www.stagecoach.co.uk/cambridge
"не проверено: заглушка или проверка бот-защиты (robots.txt: HTTP 202; страница: 202, заглушка) — лист «Не разобрано»","not verified: заглушка или проверка бот-защиты (robots.txt: HTTP 202; страница: 202, заглушка) — лист «Не разобрано»",Cambridge Gymnastics Academy — October half-term camp,,,,,web_search,Каникулы: куда записать ребёнка,https://cambridgegymnastics.co.uk/camp/
"не проверено: заглушка или проверка бот-защиты (robots.txt: HTTP 403 (4xx — правил нет, RFC 9309); страница: 403) — лист «Не разобрано»","not verified: заглушка или проверка бот-защиты (robots.txt: HTTP 403 (4xx — правил нет, RFC 9309); страница: 403) — лист «Не разобрано»",Cambridge Kids Club — holiday playscheme,,,,,web_search,Каникулы: куда записать ребёнка,https://cambridgekidsclub.com/holiday-playschemes/
"не проверено: заглушка или проверка бот-защиты (robots.txt: HTTP 403 (4xx — правил нет, RFC 9309); страница: 403) — лист «Не разобрано»","not verified: заглушка или проверка бот-защиты (robots.txt: HTTP 403 (4xx — правил нет, RFC 9309); страница: 403) — лист «Не разобрано»",Cambridge United soccer schools,,,,,web_search,Каникулы: куда записать ребёнка,https://officialsoccerschools.co.uk/cambridgeunited/
не проверено: обрыв соединения (robots.txt: HTTP -1) — лист «Не разобрано»,not verified: обрыв соединения (robots.txt: HTTP -1) — лист «Не разобрано»,Multi-Active (Huntingdon & St Ives),,,,,web_search,Каникулы: куда записать ребёнка,https://www.multi-active.co.uk/cambridgeshire-school-holiday-clubs
"не проверено: страница отвечает 403 (robots.txt: HTTP 403 (4xx — правил нет, RFC 9309); страница: 403) — лист «Не разобрано»","not verified: страница отвечает 403 (robots.txt: HTTP 403 (4xx — правил нет, RFC 9309); страница: 403) — лист «Не разобрано»",The Football Fun Factory (Kelsey Kerridge),,,,,web_search,Каникулы: куда записать ребёнка,https://thefootballfunfactory.co.uk/locations/cambridge-central/
нет площадки или адреса,no venue or address,Exhibition Duel (2026-10-15),,,,,,—,
нет сигнала срочности — место в «Новых анонсах»,no urgency signal — belongs to Just announced,The Big Retreat Cambridgeshire 2027,20–23 августа 2027 · в продаже с 22 сентября,Abbots Ripton Estate,до часа,4.0,S003,Успейте купить билеты,https://www.cambridgeindependent.co.uk/whats-on/in-pictures-ruby-wax-gail-porter-mr-motivator-and-more-le-9483768/
ниже порога 4,below the threshold 4,Around the World in 80 Days,до 10 октября,Ely Maltings,до 30 мин,3.8,"S119,S148",Главное на выходные 10–11 октября,https://themaltingsely.org.uk/events/around-the-world-in-80-days-by-ely-amateur-dramatics-2026-10-07-18-40
ниже порога 4,below the threshold 4,Rachel McShane & The Cartographers,"вс, 11 октября, 20:00",Cambridge Junction,центр,3.6,S151,Главное на выходные 10–11 октября,https://musiclivecambridge.com/gigs/rachel-mcshane-the-cartographers
ниже порога 4,below the threshold 4,An Introduction to Jewellery: Making a Pendant with Rebecca Ilett,"сб, 10 октября, 10:30",David Parr House,центр,3.5,"S001,S048",Главное на выходные 10–11 октября,https://www.admin.cam.ac.uk/whatson/detail.shtml?uid=e9950438-0831-4625-84e2-0c633a9aea8d
ниже порога 4,below the threshold 4,Celya AB: We Must Stop Meeting Like This | Cambridge Junction,"сб, 17 октября, 19:30",Cambridge Junction,центр,3.5,S012,Главное на выходные 17–18 октября,https://www.junction.co.uk/events/celya-ab-we-must-stop-meeting-like-this/
ниже порога 4,below the threshold 4,Warning presents A·M·C Grassroots Energy | Cambridge Junction,"сб, 17 октября, 23:00",Cambridge Junction,центр,3.4,S012,Главное на выходные 17–18 октября,https://www.junction.co.uk/events/warning/
ниже порога 4,below the threshold 4,Space,"сб, 10 октября, 18:30",MASH Cambridge,центр,3.3,S151,Главное на выходные 10–11 октября,https://musiclivecambridge.com/gigs/space
ниже порога 4,below the threshold 4,EMALEXIAN Paranormal Investigation - British Schools Museum,"сб, 10 октября, 19:00",British Schools Museum,до часа,3.3,"S007,S129",Главное на выходные 10–11 октября,https://www.skiddle.com/whats-on/Stevenage/British-Schools-Museum/EMALEXIAN-Paranormal-Investigation---British-Schools-Museum/42428013/
ниже порога 4,below the threshold 4,Kris Barras Band,"вс, 11 октября, 18:30",MASH Cambridge,центр,3.3,S151,Главное на выходные 10–11 октября,https://musiclivecambridge.com/gigs/kris-barras-band
ниже порога 4,below the threshold 4,Concert by City of Cambridge Symphony Orchestra,"сб, 17 октября, 19:30",West Road Concert Hall,центр,3.3,S048,Главное на выходные 17–18 октября,https://www.admin.cam.ac.uk/whatson/detail.shtml?uid=441c2018-4da3-49a1-a41e-c5fd75f9d75b
ниже порога 4,below the threshold 4,Blue Rose Code,"вс, 18 октября, 19:30",NCI Centre,центр,3.3,S151,Главное на выходные 17–18 октября,https://musiclivecambridge.com/gigs/blue-rose-code-cambridge-tickets-at-nci-club-on-18
ниже порога 4,below the threshold 4,"Cambridge Rock 'n Roll Club - ""JOHNNY RED""","вс, 11 октября",Abbey Lounge,центр,3.2,"S011,S072,S091",Главное на выходные 10–11 октября,https://www.cornex.co.uk/events/cambridge-rock-n-roll-club-johnny-red
ниже порога 4,below the threshold 4,Aidan Jones: Chopin’s Nocturne | Cambridge Junction,"сб, 17 октября, 20:00",Cambridge Junction,центр,3.2,S012,Главное на выходные 17–18 октября,https://www.junction.co.uk/events/aidan-jones-chopins-nocturne/
ниже порога 4,below the threshold 4,"Lies, Spies and Double-Dealing: A Cambridge Spy Tour",9–18 октября,Great St Mary's Church,центр,3.1,S048,Главное на выходные 10–11 октября,https://www.admin.cam.ac.uk/whatson/detail.shtml?uid=86eef23d-15e8-4fee-9d08-fd45cba64ed4
ниже порога 4,below the threshold 4,Harvest Weekend,"вс, 11 октября",Ely Cathedral,до 30 мин,3.1,S071,Главное на выходные 10–11 октября,https://www.elycathedral.org/events/harvest-weekend
ниже порога 4,below the threshold 4,Through A Judas Window | Cambridge Junction,"вс, 11 октября, 19:30",Cambridge Junction,центр,3.1,S012,Главное на выходные 10–11 октября,https://www.junction.co.uk/events/through-a-judas-window/
ниже порога 4,below the threshold 4,Oktoberfest Newmarket 2026,"сб, 17 октября, 13:00",Newmarket Football Club,до 30 мин,3.1,"S007,S129",Главное на выходные 17–18 октября,https://www.skiddle.com/whats-on/Cambridge/Newmarket-Football-Club/Oktoberfest-Newmarket-2026/42699326/
ниже порога 4,below the threshold 4,Chris While & Julie Matthews,"вс, 18 октября",Upwood Village Hall,до часа,3.1,S128,Главное на выходные 17–18 октября,https://www.ents24.com/huntingdon-events/upwood-village-hall/chris-while-and-julie-matthews/7480499
ниже порога 4,below the threshold 4,The Friends of Ely Cathedral at 90 Exhibition,до 9 октября,Ely Cathedral,до 30 мин,3.1,S071,За городом (до часа),https://www.elycathedral.org/events/friends-exhibition
ниже порога 4,below the threshold 4,Meet the Cows,"сб, 10 октября",Wandlebury Country Park,до 30 мин,3.0,"S005,S131",Главное на выходные 10–11 октября,https://cambridge105.co.uk/event/meet-the-cows/
ниже порога 4,below the threshold 4,Bridging Binaries LGBTQ+ Tour,"сб, 10 октября, 14:30",Museum of Classical Archaeology,центр,3.0,"S001,S052",Главное на выходные 10–11 октября,https://www.museums.cam.ac.uk/events/bridging-binaries-lgbtq-tour-42
ниже порога 4,below the threshold 4,Vintage Furniture and Fashion Flea,"сб, 17 октября",Newmarket,до 30 мин,3.0,"S008,S021",Главное на выходные 17–18 октября,https://www.thejockeyclub.co.uk/newmarket/events-tickets/vintage-furniture-and-fashion-flea/
ниже порога 4,below the threshold 4,International E-Waste Day – Saturday 17th October 2026,"сб, 17 октября",Centre for Computing History,центр,3.0,"S001,S134",Главное на выходные 17–18 октября,https://www.visitcambridge.org/event/international-e-waste-day-saturday-17th-october-2026/
ниже порога 4,below the threshold 4,The Art of The Rag Rug with Lu Mason,"сб, 17 октября, 10:30",David Parr House,центр,3.0,"S001,S048",Главное на выходные 17–18 октября,https://www.admin.cam.ac.uk/whatson/detail.shtml?uid=01e2f11f-a888-46fa-bc7c-9be9f69af3d0
ниже порога 4,below the threshold 4,School of Comedy Sharing (Beginners) | Cambridge Junction,"вс, 18 октября, 19:30",Cambridge Junction,центр,3.0,S012,Главное на выходные 17–18 октября,https://www.junction.co.uk/events/school-of-comedy-sharing-beginners/
ниже порога 4,below the threshold 4,Flow Cytometry Courses - October 2026,до 9 октября,"Kings Hedges Meeting Room, Cambridge Building and Alec Bangham Room, Riverside meeting rooms",до 30 мин,3.0,S008,За городом (до часа),https://www.eventbrite.co.uk/e/flow-cytometry-courses-october-2026-tickets-1862606489149
ниже порога 4,below the threshold 4,Modern Slavery Intelligence Network Conference 2026,"чт, 15 октября",G's Fresh,до 30 мин,3.0,S008,За городом (до часа),https://www.eventbrite.co.uk/e/modern-slavery-intelligence-network-conference-2026-tickets-1987303054934
ниже порога 4,below the threshold 4,Academy of Great St Mary's Music Marathon,"сб, 10 октября, 11:00",Great St.Mary's Church,центр,2.9,S048,Главное на выходные 10–11 октября,https://www.admin.cam.ac.uk/whatson/detail.shtml?uid=21178126-7874-4af1-981d-823760bd04e9
ниже порога 4,below the threshold 4,Ultimate Rave Bingo // Cambridge // Saturday 10th October,"сб, 10 октября, 17:30",Vinyl,центр,2.9,"S007,S129",Главное на выходные 10–11 октября,https://www.skiddle.com/whats-on/Cambridge/Vinyl/Ultimate-Rave-Bingo--Cambridge--Saturday-10th-October/41600600/
ниже порога 4,below the threshold 4,CAMBRIDGE: Flamenco from Spain | Rebeca Ortega-Ramon Ruiz.,"вс, 11 октября",Wesley Methodist Church,центр,2.9,S008,Главное на выходные 10–11 октября,https://www.eventbrite.co.uk/e/cambridge-flamenco-from-spain-rebeca-ortega-ramon-ruiz-tickets-1997153888041
ниже порога 4,below the threshold 4,The Cambridge Greek Play 2026,14–17 октября,Cambridge Arts Theatre,центр,2.9,S168,Главное на выходные 17–18 октября,https://www.camdram.net/shows/the-cambridge-greek-play-2026
ниже порога 4,below the threshold 4,For One Night Only | Comedy Club,"сб, 17 октября",The Letchworth Settlement,до часа,2.9,S128,Главное на выходные 17–18 октября,https://www.ents24.com/letchworth-garden-city-events/the-letchworth-settlement/for-one-night-only-comedy-club/7539607
ниже порога 4,below the threshold 4,Foyer Jazz,"сб, 17 октября, 20:00",Saffron Hall,до 30 мин,2.9,S017,Главное на выходные 17–18 октября,https://www.saffronhall.com/whats-on/view/foyer-jazz-28
ниже порога 4,below the threshold 4,Live Music with The Arcades,"сб, 17 октября",267 Great North Road,до часа,2.8,S148,Главное на выходные 17–18 октября,https://allevents.in/st-neots/live-music
ниже порога 4,below the threshold 4,PHOENIX BEDFORDSHIRE Skull Runner,"сб, 17 октября","Biggleswade, Bedfordshire",до часа,2.8,S152,Главное на выходные 17–18 октября,https://findarace.com/events/phoenix-bedfordshire-skull-runner
ниже порога 4,below the threshold 4,"Panic At The Emo Day Party at Kiki, Cambridge","сб, 10 октября, 16:00",Kiki Cambridge,центр,2.7,S007,Главное на выходные 10–11 октября,https://www.skiddle.com/whats-on/Cambridge/Kiki-Cambridge/Panic-At-The-Emo-Day-Party-at-Kiki-Cambridge/42737575/
ниже порога 4,below the threshold 4,Tina Live,"сб, 17 октября",Commemoration Hall,до 30 мин,2.7,S128,Главное на выходные 17–18 октября,https://www.ents24.com/huntingdon-events/commemoration-hall/tina-live/7384181
ниже порога 4,below the threshold 4,"The Janzen Boys Live at Eversden Village Hall in Cambridge, UK","сб, 10 октября",Eversden Village Hall,до 30 мин,2.6,S008,Главное на выходные 10–11 октября,https://www.eventbrite.ca/e/the-janzen-boys-live-at-eversden-village-hall-in-cambridge-uk-tickets-1998508040347
ниже порога 4,below the threshold 4,An Evening of Vocal Jazz with Hannah Campbell,"сб, 10 октября",Grape Britannia,центр,2.6,S008,Главное на выходные 10–11 октября,https://www.eventbrite.com/e/an-evening-of-vocal-jazz-with-hannah-campbell-tickets-1999253844066
ниже порога 4,below the threshold 4,It's MUGA on the Dancefloor - A Funk Soul Disco,"сб, 10 октября",Fairycroft House Media & Arts Centre,до 30 мин,2.6,S128,Главное на выходные 10–11 октября,https://www.ents24.com/saffron-walden-events/fairycroft-house-media-and-arts-centre/its-muga-on-the-dancefloor-a-funk-soul-disco/7528392
ниже порога 4,below the threshold 4,90's Baby Daytime Clubbing Kings Lynn,"сб, 10 октября, 15:00",The Rathskeller,до часа,2.6,S129,Главное на выходные 10–11 октября,https://www.skiddle.com/whats-on/Peterborough/The-Rathskeller/90s-Baby-Daytime-Clubbing-Kings-Lynn/42665135/
ниже порога 4,below the threshold 4,Hex presents: Our Autumn,"сб, 10 октября, 19:30","St John the Evangelist Church Hills Road, Cambridge, Cambridgeshire CB2 8RN",центр,2.6,S001,Главное на выходные 10–11 октября,https://www.visitcambridge.org/event/hex-presents-our-autumn/
ниже порога 4,below the threshold 4,Sunday Comedy,"вс, 11 октября",The Rose,до часа,2.6,S128,Главное на выходные 10–11 октября,https://www.ents24.com/biggleswade-events/the-rose/sunday-comedy/7533699
ниже порога 4,below the threshold 4,Fordham Car Boot Sale,"вс, 11 октября, 06:30",Fordham,до 30 мин,2.6,S148,Главное на выходные 10–11 октября,https://carbootdirectory.co.uk/county/cambridgeshire
ниже порога 4,below the threshold 4,Halloween charity night,16–17 октября,Rugby Club Bishops Stortford,до часа,2.6,S007,Главное на выходные 17–18 октября,https://www.skiddle.com/whats-on/Chelmsford/Rugby-Club-Bishops-Stortford/Halloween-charity-night/42700844/
ниже порога 4,below the threshold 4,"Indian Cultural Society, Cambridge Durga Puja 2026 17th and 18th October",17–18 октября,The Netherhall School,до 30 мин,2.6,S008,Главное на выходные 17–18 октября,https://www.eventbrite.com/e/indian-cultural-society-cambridge-durga-puja-2026-17th-and-18th-october-tickets-1999372232168
ниже порога 4,below the threshold 4,90s Music and Quiz Night,"сб, 17 октября",Fairycroft House,до 30 мин,2.6,S008,Главное на выходные 17–18 октября,https://www.eventbrite.co.uk/e/90s-music-and-quiz-night-tickets-2000263178011
ниже порога 4,below the threshold 4,Miles Pillinger Quintet - The Sunday Jazz Sessions,"вс, 18 октября",The LAB Cocktail Bar,центр,2.6,S091,Главное на выходные 17–18 октября,https://www.cambridgelivetickets.co.uk/events/miles-pillinger-quintet-the-sunday-jazz-sessions
ниже порога 4,below the threshold 4,The Worst Kept Secret Tour - Cambridge,"вс, 18 октября",The Portland Arms,центр,2.6,S008,Главное на выходные 17–18 октября,https://www.eventbrite.com/e/the-worst-kept-secret-tour-cambridge-tickets-1989375354237
ниже порога 4,below the threshold 4,People Leaders Lab - October 2026,"чт, 15 октября",Babraham Research Campus,до 30 мин,2.6,S008,За городом (до часа),https://www.eventbrite.co.uk/e/people-leaders-lab-october-2026-tickets-1999017304570
ниже порога 4,below the threshold 4,Saturday Parkland Walk,до 10 октября,Wimpole Estate (National Trust),до 30 мин,2.5,S070,Главное на выходные 10–11 октября,https://www.nationaltrust.org.uk/visit/cambridgeshire/wimpole-estate/events/f14c6299-0020-4b7a-acf2-2cc011dec6a1
ниже порога 4,below the threshold 4,CAST 2026: King Lear,до 10 октября,ADC Theatre,центр,2.5,S042,Главное на выходные 10–11 октября,https://www.adctheatre.com/whats-on/play/king-lear/
ниже порога 4,below the threshold 4,Hidden Histories,8–17 октября,The Polar Museum,центр,2.5,S048,Главное на выходные 10–11 октября,https://www.admin.cam.ac.uk/whatson/detail.shtml?uid=0e452104-d4f5-4152-8e7f-533aae0daf6a
ниже порога 4,below the threshold 4,Cambridge Poetry Festival,10–12 октября,Various,центр,2.5,S005,Главное на выходные 10–11 октября,https://cambridge105.co.uk/event/cambridge-poetry-festival/
ниже порога 4,below the threshold 4,Cambridge Card Event at VGCoffee,"сб, 10 октября",VG Coffee,до 30 мин,2.5,S008,Главное на выходные 10–11 октября,https://www.eventbrite.co.uk/e/cambridge-card-event-at-vgcoffee-tickets-2000841902993
ниже порога 4,below the threshold 4,"Victorian terraced house full retrofit, Hemingford Rd.","сб, 10 октября",Hemingford Road,центр,2.5,S008,Главное на выходные 10–11 октября,https://www.eventbrite.co.uk/e/victorian-terraced-house-full-retrofit-hemingford-rd-tickets-1998434789251
ниже порога 4,below the threshold 4,Farm and Craft Market,"сб, 10 октября",St Neots Market Square,до часа,2.5,S105,Главное на выходные 10–11 октября,https://www.stneots-tc.gov.uk/council_events/farm-and-craft-market-4/?event_date=2026-10-10
ниже порога 4,below the threshold 4,"Get Curious, Get Creative, Get Scientific",10–11 октября,Cambridge Science Centre,до 30 мин,2.5,S054,Главное на выходные 10–11 октября,https://www.cambridgesciencecentre.org/whats-on/get-curious-get-creative-get-scientific/
ниже порога 4,below the threshold 4,Crochet Workshop - Make an Autumn Bookmark,"сб, 10 октября, 10:30",Ely Museum,до 30 мин,2.5,S180,Главное на выходные 10–11 октября,https://www.elymuseum.org.uk/whats-on-elymuseum/crochet-workshop-2026/
ниже порога 4,below the threshold 4,Leper Chapel Open Day,"сб, 10 октября и сб, 17 октября",Leper Chapel,центр,2.5,S131,Главное на выходные 10–11 октября,https://cambridgeppf.org/etn/leper-chapel-open-day-47/
ниже порога 4,below the threshold 4,Autumnal Hand Embroidery Workshop,"сб, 10 октября, 14:00",Ely Museum,до 30 мин,2.5,S180,Главное на выходные 10–11 октября,https://www.elymuseum.org.uk/whats-on-elymuseum/hand-embroidery-workshop-2026/
ниже порога 4,below the threshold 4,Arts Club Cambridge | Pulsar supporting Zeñel,"сб, 10 октября, 19:00",Arts Club,центр,2.5,S150,Главное на выходные 10–11 октября,https://www.cmp.cam.ac.uk/events/event/item/arts-club-cambridge-pulsar-supporting-zenel/
ниже порога 4,below the threshold 4,Curious about Hans Christian Andersen?,"вс, 11 октября",Stapleford Granary,до 30 мин,2.5,S005,Главное на выходные 10–11 октября,https://cambridge105.co.uk/event/curious-about-hans-christian-andersen/
ниже порога 4,below the threshold 4,Sculpt & Paint Pottery Class - Cambridge,"вс, 11 октября","Longstanton, Cambridge",до 30 мин,2.5,S008,Главное на выходные 10–11 октября,https://www.eventbrite.co.uk/e/sculpt-paint-pottery-class-cambridge-tickets-1990559005570
ниже порога 4,below the threshold 4,Guided Tour of the Pye Exhibitions,"вс, 11 октября",Cambridge Museum of Technology,центр,2.5,S179,Главное на выходные 10–11 октября,https://www.museumoftechnology.com/calendar/pye-tour-oct26
ниже порога 4,below the threshold 4,Print Shop Open,"вс, 11 октября",Cambridge Museum of Technology,центр,2.5,S179,Главное на выходные 10–11 октября,https://www.museumoftechnology.com/calendar/2026/10/13/print-shop-open
ниже порога 4,below the threshold 4,Great Fen Apple and Harvest Fair,"вс, 11 октября, 11:00",Ramsey Rural Museum CIO,до часа,2.5,S148,Главное на выходные 10–11 октября,https://allevents.in/ramsey-en/all
ниже порога 4,below the threshold 4,Pride in Nature LGBTQ+ tour,"вс, 11 октября и вс, 18 октября",Museum of Zoology,центр,2.5,S052,Главное на выходные 10–11 октября,https://www.museums.cam.ac.uk/events/pride-nature-lgbtq-tour-11
ниже порога 4,below the threshold 4,The Garden of Love SHOWCASE,"вс, 11 октября, 14:30",Pembroke New Cellars,центр,2.5,S168,Главное на выходные 10–11 октября,https://www.camdram.net/shows/2026-the-garden-of-love-showcase
ниже порога 4,below the threshold 4,Pembroke Players Smokers Michaelmas ‘26,"вс, 11 октября, 21:00",Pembroke New Cellars,центр,2.5,S168,Главное на выходные 10–11 октября,https://www.camdram.net/shows/2026-pembroke-players-smokers-michaelmas-26
ниже порога 4,below the threshold 4,To Thine Own Self,14–17 октября,Corpus Playroom,центр,2.5,S168,Главное на выходные 17–18 октября,https://www.camdram.net/shows/2026-to-thine-own-self
ниже порога 4,below the threshold 4,Heavy horse carriage rides,15–28 октября,Wimpole Estate (National Trust),до 30 мин,2.5,S070,Главное на выходные 17–18 октября,https://www.nationaltrust.org.uk/visit/cambridgeshire/wimpole-estate/events/46391912-05ed-411b-b32c-a904c70b7a83
ниже порога 4,below the threshold 4,"Deep retrofit of 1930's semi - under construction, Greville Rd","сб, 17 октября",Greville Road,центр,2.5,S008,Главное на выходные 17–18 октября,https://www.eventbrite.co.uk/e/deep-retrofit-of-1930s-semi-under-construction-greville-rd-tickets-1998479375610
ниже порога 4,below the threshold 4,LOVE IN THREE ACTS exhibition // screening // artist talk,"сб, 17 октября",St Barnabas Press,центр,2.5,S008,Главное на выходные 17–18 октября,https://www.eventbrite.co.uk/e/love-in-three-acts-exhibition-screening-artist-talk-tickets-2000709182021
ниже порога 4,below the threshold 4,Halloween Hunt,"сб, 17 октября",Wandlebury Country Park,до 30 мин,2.5,S131,Главное на выходные 17–18 октября,https://cambridgeppf.org/etn/halloweeen-hunt-2026/
ниже порога 4,below the threshold 4,Cambridge's Midcentury Home Market,"сб, 17 октября",St. Paul's Church and Community Centre,центр,2.5,S008,Главное на выходные 17–18 октября,https://www.eventbrite.co.uk/e/cambridges-midcentury-home-market-tickets-1994139179968
ниже порога 4,below the threshold 4,The Sensational 60s Experience,"сб, 17 октября",King's Lynn Corn Exchange,до часа,2.5,S128,Главное на выходные 17–18 октября,https://www.ents24.com/kings-lynn-events/kings-lynn-corn-exchange/the-sensational-60s-experience/7459128
ниже порога 4,below the threshold 4,Genius Challenges and Future Solutions,17–18 октября,Cambridge Science Centre,до 30 мин,2.5,S054,Главное на выходные 17–18 октября,https://www.cambridgesciencecentre.org/whats-on/genius-challenges-and-future-solutions/
ниже порога 4,below the threshold 4,Coe Fen & Lammas Land Park-O,"сб, 17 октября, 13:00",Coe Fen & Lammas Land,центр,2.5,S148,Главное на выходные 17–18 октября,https://www.waoc.org.uk/events/details/2026-10-17-coefen-parko
ниже порога 4,below the threshold 4,"Stand up Comedy in Cambridge ,","сб, 17 октября, 19:00","The Great Hall, Trumpington Road, CB2 7AD",центр,2.5,S001,Главное на выходные 17–18 октября,https://www.visitcambridge.org/event/stand-up-comedy-in-cambridge/
ниже порога 4,below the threshold 4,The Five Hundred + Cut Short,"сб, 17 октября, 19:00",The Six Six,центр,2.5,S151,Главное на выходные 17–18 октября,https://musiclivecambridge.com/gigs/the-five-hundred-uk-tour
ниже порога 4,below the threshold 4,Cathedral Classics,"сб, 17 октября, 19:30",Church of Our Lady and the English Martyrs,центр,2.5,S148,Главное на выходные 17–18 октября,https://cambridgechorale.org.uk/concerts/cathedral-classics-2026
ниже порога 4,below the threshold 4,Creative Street Photography Talk with Matt Hall - CPS 26 Talks,"вс, 18 октября",Corpus Christi College,центр,2.5,S008,Главное на выходные 17–18 октября,https://www.eventbrite.co.uk/e/creative-street-photography-talk-with-matt-hall-cps-26-talks-tickets-1987052982962
ниже порога 4,below the threshold 4,Brass in Motion - Celebrating 200 years of passenger rail,"вс, 18 октября",Girton College,до 30 мин,2.5,S174,Главное на выходные 17–18 октября,https://www.girton.cam.ac.uk/events/gcms-queen-victorias-consort
ниже порога 4,below the threshold 4,Cambridge Bead Fair,"вс, 18 октября, 11:00","Harston Village Hall, 20 High Street",центр,2.5,S148,Главное на выходные 17–18 октября,https://visitcambridge.org/event/cambridge-bead-fair-sun-18th-oct-2026-free-entry-and-refreshments
ниже порога 4,below the threshold 4,Adult DVD,"вс, 18 октября, 19:00",MASH Cambridge,центр,2.5,S151,Главное на выходные 17–18 октября,https://musiclivecambridge.com/gigs/adult-dvd-2026-10-18
ниже порога 4,below the threshold 4,"The Flowers Stand Silently, Witnessing","вс, 18 октября, 20:30",Cambridge Artworks & Artspace,центр,2.5,S001,Главное на выходные 17–18 октября,https://www.visitcambridge.org/event/the-flowers-stand-silently-witnessing/
ниже порога 4,below the threshold 4,Jake Buckton Selwyn Vocal Recital,"вс, 18 октября, 20:30",Selwyn College,центр,2.5,S150,Главное на выходные 17–18 октября,https://www.cmp.cam.ac.uk/events/event/item/jake-bucktons-selwyn-vocal-recital/
ниже порога 4,below the threshold 4,Ghost Walk with Grace Chapman,"ср, 14 октября",The Old Court,до часа,2.5,S105,За городом (до часа),https://www.stneots-tc.gov.uk/council_events/ghost-walk-with-grace-chapman/?event_date=2026-10-14
ниже порога 4,below the threshold 4,Midnight Train to Nowhere @ the ADC,14–17 октября,ADC Theatre,центр,2.3,S042,Главное на выходные 17–18 октября,https://www.camdram.net/shows/2026-midnight-train-to-nowhere-the-adc
ниже порога 4,below the threshold 4,The Guy Who Didn't Like Musicals,15–17 октября,ADC Theatre,центр,2.3,S042,Главное на выходные 17–18 октября,https://www.camdram.net/shows/2026-the-guy-who-didnt-like-musicals
ниже порога 4,below the threshold 4,A celebration of Arctic Monkeys: 20th Anniversary of Whatever People Say...,"сб, 17 октября",The Portland Arms,центр,2.3,S008,Главное на выходные 17–18 октября,https://www.eventbrite.com/e/a-celebration-of-arctic-monkeys-20th-anniversary-of-whatever-people-say-tickets-1987389864584
ниже порога 4,below the threshold 4,The Cambridge Greek Play 2026: Ion by Euripides,"сб, 17 октября",ADC Theatre,центр,2.3,S150,Главное на выходные 17–18 октября,https://www.cmp.cam.ac.uk/events/event/item/the-cambridge-greek-play-2026-ion-by-euripides/
ниже порога 4,below the threshold 4,MIND Cambridge benefit (10th Oct 26) – The Portland Arms,"сб, 10 октября, 19:30",The Portland Arms,центр,2.2,S151,Главное на выходные 10–11 октября,https://musiclivecambridge.com/gigs/mind-cambridge-benefit-10th-oct-26-the-portland-ar
ниже порога 4,below the threshold 4,Eschalon +Akkadian +Overture (11th Oct 26) – The Portland Arms,"вс, 11 октября, 19:30",The Portland Arms,центр,2.2,S151,Главное на выходные 10–11 октября,https://musiclivecambridge.com/gigs/eschalon-akkadian-overture-11th-oct-26-the-portlan
ниже порога 4,below the threshold 4,Chasing Light: The Art of Landscape Photography - CPS26,"сб, 17 октября",Graduate by Hilton Cambridge,центр,2.2,S008,Главное на выходные 17–18 октября,https://www.eventbrite.co.uk/e/chasing-light-the-art-of-landscape-photography-cps26-tickets-1993596944126
ниже порога 4,below the threshold 4,Finance Leadership Programme - Cambridge,"чт, 8 октября",Maurice Wilkes Building,до 30 мин,2.2,S008,За городом (до часа),https://www.eventbrite.co.uk/e/finance-leadership-programme-cambridge-tickets-1994650479278
ниже порога 4,below the threshold 4,Andy Bowie Quartet,"вс, 11 октября, 19:30",The Tram Depot,центр,2.0,S151,Главное на выходные 10–11 октября,https://musiclivecambridge.com/gigs/andy-bowie-quartet-20261011
ниже порога 4,below the threshold 4,The Changing Seasons in Cambridge - CPS 26 Talks,"сб, 17 октября",Graduate by Hilton Cambridge,центр,1.9,S008,Главное на выходные 17–18 октября,https://www.eventbrite.co.uk/e/the-changing-seasons-in-cambridge-cps-26-talks-tickets-1988485063353
ниже порога 4,below the threshold 4,The Joy of Bird Photography with Robin Lowry - CPS 26 Talks,"сб, 17 октября",Graduate by Hilton Cambridge,центр,1.9,S008,Главное на выходные 17–18 октября,https://www.eventbrite.co.uk/e/the-joy-of-bird-photography-with-robin-lowry-cps-26-talks-tickets-1987050604849
ниже порога 4,below the threshold 4,Witness to Service An Army Photographer’s Perspective - CPS 26 Talks,"сб, 17 октября",Graduate by Hilton Cambridge,центр,1.9,S008,Главное на выходные 17–18 октября,https://www.eventbrite.co.uk/e/witness-to-service-an-army-photographers-perspective-cps-26-talks-tickets-1987323385744
ниже порога 4,below the threshold 4,The Doctrine of God for a Self-Obsessed Age Part I: The God Who is Not Like You,"вс, 18 октября, 19:30",The Round Church,центр,1.9,S148,Главное на выходные 17–18 октября,https://roundchurchcambridge.org/el_events
отброшено: в Кембриджшире площадок нет,dropped: в Кембриджшире площадок нет,SuperCamps,,,,,web_search,Каникулы: куда записать ребёнка,
отброшено: на странице только летние даты,dropped: на странице только летние даты,One Leisure St Neots holiday club,,,,,web_search,Каникулы: куда записать ребёнка,
"отброшено: нет дат на этой площадке, только лето","dropped: нет дат на этой площадке, только лето",Kings Camps (The Perse),,,,,web_search,Каникулы: куда записать ребёнка,
отброшено: октябрь 2026 — «not available»,dropped: октябрь 2026 — «not available»,Ultimate Activity Cambridge,,,,,web_search,Каникулы: куда записать ребёнка,
отброшено: только Пасха и лето,dropped: только Пасха и лето,Barracudas Ely,,,,,web_search,Каникулы: куда записать ребёнка,
"открытие найдено поиском, дата неизвестна","открытие найдено поиском, дата неизвестна",Marvin's,,,,,,—,
"открытие найдено поиском, дата неизвестна","открытие найдено поиском, дата неизвестна",River Island,,,,,,—,
"открытие найдено поиском, дата неизвестна","открытие найдено поиском, дата неизвестна",TINDLI Peterborough,,,,,,—,
"подборка («Things to do…»), не событие — разобрана на отдельные события","подборка («Things to do…»), не событие — разобрана на отдельные события",Things to do in Cambridge for Halloween (2026-10-01),,,,,,—,
"постоянный продукт для туристов (evergreen), не событие","evergreen tourist product, not an event",Cambridge Murder Mystery (2024-10-16),,,,,,—,
"постоянный продукт для туристов (evergreen), не событие","evergreen tourist product, not an event",The Wonderful Wizard of Oz Experience – Cambridge (2025-08-16),,,,,,—,
"постоянный продукт для туристов (evergreen), не событие","evergreen tourist product, not an event",Discover Cambridge: The Ultimate City Exploration Game (2026-05-09),,,,,,—,
"постоянный продукт для туристов (evergreen), не событие","evergreen tourist product, not an event",Cambridge Bank Heist Experience (2026-07-01),,,,,,—,
"противоречие стадии открытия: стадия «открылось» (2026-09-28), а описание — «скоро откроется»","противоречие стадии открытия: стадия «открылось» (2026-09-28), а описание — «скоро откроется»",Bridge Bagels,Открылось 28 сентября,Cambridge,,,S148,Новое в городе,https://cambridgebagels.com
пустое описание (в данных нет содержательного факта),empty description (no substantive fact in the data),PHOENIX - Cambridgeshire - KiSS CHARITY RUN,"вс, 18 октября","St Neots, Cambridgeshire",до часа,3.3,"S148,S152",Главное на выходные 17–18 октября,https://findarace.com/events/phoenix-cambridgeshire-kiss-charity-run
равная оценка — выбор модели,equal score — the model's choice,Thriplow Daffodil Weekend,13–14 марта 2027,Thriplow,до 30 мин,5.0,recurring,Новые анонсы,https://www.thriplowdaffodils.org.uk
равная оценка — выбор модели,equal score — the model's choice,Cambridge Festival,10–25 марта 2027,"Cambridge, разные площадки",центр,5.0,recurring,Новые анонсы,https://www.festival.cam.ac.uk/
равная оценка — выбор модели,equal score — the model's choice,"Christmas in Cambridge (Parker's Piece: каток, маркет, колесо обозрения)","пт, 13 ноября","Parker's Piece, Cambridge",центр,5.0,recurring,Новые анонсы,https://www.christmasincambridge.co.uk/
равная оценка — выбор модели,equal score — the model's choice,Lent Bumps,9–13 марта 2027,"River Cam, Fen Ditton",до 30 мин,5.0,recurring,Новые анонсы,https://www.cucbc.org/
равная оценка — выбор модели,equal score — the model's choice,ALWAYS LALISA,"ср, 14 октября, 19:30",The Light Cinema Cambridge,центр,2.5,S157,В кино,https://cambridge.thelight.co.uk/always-lalisa
равная оценка — выбор модели,equal score — the model's choice,Supporting Children & Young People Affected by Bereavement,"чт, 8 октября","Education & Conference Centre, Arthur Rank Hospice Charity",до 30 мин,2.5,S008,Бесплатно,https://www.eventbrite.co.uk/e/supporting-children-young-people-affected-by-bereavement-tickets-1994301098270
равная оценка — выбор модели,equal score — the model's choice,Open Evening - Wisbech campus,"чт, 15 октября, 17:00","College of West Anglia, Wisbech Campus","Кембриджшир, дальше часа",2.5,S148,С детьми,https://allevents.in/wisbech/workshops
равная оценка — выбор модели,equal score — the model's choice,STEMtots – Discover Dinosaurs,"пт, 16 октября, 09:30",Cambridge Science Centre,до 30 мин,2.5,S054,С детьми,https://www.cambridgesciencecentre.org/whats-on/stemtots-mini-beasts/
равная оценка — выбор модели,equal score — the model's choice,Tenpin,Скоро откроется,"Queensgate, Peterborough",,,S004,Новое в городе,https://www.cambridge-news.co.uk/whats-on/whats-on-news/entertainment-giant-open-new-branch-34655037
равная оценка — выбор модели,equal score — the model's choice,Umami World Buffet,Скоро откроется,"Queensgate, Peterborough",,,S004,Новое в городе,https://www.cambridge-news.co.uk/whats-on/whats-on-news/entertainment-giant-open-new-branch-34655037
равная оценка — выбор модели,equal score — the model's choice,The Three Horseshoes,Открылось,Madingley,,,S004,Новое в городе,https://www.cambridge-news.co.uk/news/local-news/pub-given-go-ahead-build-34671902
равная оценка — выбор модели,equal score — the model's choice,Greggs,Скоро откроется,"Unit 7A, Cambridge Leisure Park, Clifton Way, Cambridge",,,S004,Новое в городе,https://www.cambridge-news.co.uk/news/cambridge-news/new-greggs-open-city-despite-34670020
равная оценка — выбор модели,equal score — the model's choice,Lake View Bereavement Centre,Открылось 11 сентября,"Chatteris Road, Mepal",,,S004,Новое в городе,https://www.cambridge-news.co.uk/news/local-news/new-crematorium-evacuated-just-weeks-34672641
равная оценка — выбор модели,equal score — the model's choice,Tea Apothecary,Недавно открылось,"Magdalene Street, Cambridge",,,S002,Новое в городе,https://www.whatsonincambridge.com/the-magic-of-the-tea-apothecary/?utm_source=rss&utm_medium=rss&utm_campaign=the-magic-of-the-tea-apothecary
равная оценка — выбор модели,equal score — the model's choice,Oscar's Lockdown Pizza,Закрылось в сентябре,"The Blue Moon, Norfolk Street, Cambridge",,,S087,Новое в городе,https://cambridgefoodies.me.uk/2026/09/16/farewell-oscars-hello-carmans-cambridges-newest-pizza-joint-the-blue-moon/
равная оценка — выбор модели,equal score — the model's choice,Gorilla + Lamb,Открылось в сентябре,"The Portland Arms, Cambridge",,,S087,Новое в городе,https://cambridgefoodies.me.uk/2026/09/06/gorilla-lamb-are-back-at-the-portland-arms/
равная оценка — выбор модели,equal score — the model's choice,Grain Kitchen & Bar,Открылось в августе,"Ely Leisure Park, Ely",,,S087,Новое в городе,https://cambridgefoodies.me.uk/2026/08/10/elys-newest-restaurant-grain-kitchen-bar/
равная оценка — выбор модели,equal score — the model's choice,Hickory's Smokehouse,Скоро откроется,"Milton Arms, Cambridge",,,S087,Новое в городе,https://cambridgefoodies.me.uk/2026/06/19/hickorys-smokehouse-comes-to-cambridgeshire/
равная оценка — выбор модели,equal score — the model's choice,TG Jones,Закрылось 9 января 2027,"Bridge Street, Peterborough",,,S093,Новое в городе,https://www.cambridge-news.co.uk/news/local-news/city-centres-only-post-office-34649519
равная оценка — выбор модели,equal score — the model's choice,The Crown,Открылось,"Fordham, Ely",,,S004,Новое в городе,https://www.cambridge-news.co.uk/whats-on/ely-pub-named-one-uks-34645080
равная оценка — выбор модели,equal score — the model's choice,Tenpin,Скоро откроется,"Queensgate, Peterborough",,,S116,Новое в городе,https://www.huntspost.co.uk/news/26579122.new-20-lane-tenpin-bowling-venue-queensgate-peterborough/
равная оценка — выбор модели,equal score — the model's choice,The Grafton Ping Pong Parlour,Открылось в августе,"The Grafton, Cambridge",,,S148,Новое в городе,https://bbc.com.im/news/articles/czxe3w1qr0no
равная оценка — выбор модели,equal score — the model's choice,Farmer Freeman,Закрылось 24 октября,,,,S148,Новое в городе,https://www.farmerfreeman.uk/
равная оценка — выбор модели,equal score — the model's choice,TG Jones,Закрылось 9 января 2027,"Market Place, Wisbech",,,S117,Новое в городе,https://www.cambstimes.co.uk/news/26591565.tg-jones-close-wisbech-store-market-place-next-year/
равная оценка — выбор модели,equal score — the model's choice,Independent jewellers,Скоро откроется,Peterborough city centre,,,S010,Новое в городе,https://www.peterboroughtoday.co.uk/business/new-independent-jewellers-set-to-open-its-doors-in-peterborough-city-centre-9220357
равная оценка — выбор модели,equal score — the model's choice,New pizza restaurant (unnamed),Скоро откроется,Peterborough,,,S010,Новое в городе,https://www.peterboroughtoday.co.uk/news/people/new-pizza-restaurant-planning-move-into-peterborough-to-take-on-takeaway-giants-9213409
равная оценка — выбор модели,equal score — the model's choice,David Lloyd St Neots,Скоро откроется,"Nuffield Road, Wintringham, St Neots",,,S116,Новое в городе,https://www.huntspost.co.uk/news/26595290.aerial-photos-show-new-david-lloyd-club-st-neots/
распродано,sold out,Quartetto Noûs (2026-10-08),,,,,,—,
распродано,sold out,Sound bath (2026-10-15),,,,,,—,
регистрация участников — «Спорт → Поучаствовать»,participant registration — Sport → Take part,12-hour indoor triathlon,"вт, 27 октября, 08:00",Delta Hotels by Marriott Huntingdon,до часа,3.5,S116,Новые анонсы,https://www.huntspost.co.uk/news/26578189.hunts-community-cancer-network-hold-12-hour-triathlon/
регистрация участников — «Спорт → Поучаствовать»,participant registration — Sport → Take part,12-hour indoor triathlon,"вт, 27 октября, 08:00 · в продаже с 24 сентября",Delta Hotels by Marriott Huntingdon,до часа,3.5,S116,Успейте купить билеты,https://www.huntspost.co.uk/news/26578189.hunts-community-cancer-network-hold-12-hour-triathlon/
регулярное или служебное занятие — не в эту рубрику,регулярное или служебное занятие — не в эту рубрику,Home Ed Tech Club,"пт, 9 октября",Cambridge Museum of Technology,центр,2.5,S179,В музеях и усадьбах,https://www.museumoftechnology.com/calendar/2026/10/9/home-ed-tech-club
регулярное или служебное занятие — не в эту рубрику,регулярное или служебное занятие — не в эту рубрику,Bronze Age Home Education Workshop at Ely Museum,"вт, 13 октября, 10:30",Ely Museum,до 30 мин,2.5,S180,В музеях и усадьбах,https://www.elymuseum.org.uk/whats-on-elymuseum/home-education-bronze-age-session-october-2026/
регулярное или служебное занятие — не в эту рубрику,регулярное или служебное занятие — не в эту рубрику,Sedgwick Museum Staff Favourites Tours,"ср, 14 октября, 13:00",Sedgwick Museum of Earth Sciences,центр,2.5,S052,В музеях и усадьбах,https://www.museums.cam.ac.uk/events/sedgwick-museum-staff-favourites-tours-70
сетевой фастфуд за пределами Кембриджа,сетевой фастфуд за пределами Кембриджа,KFC,,,,,,—,
сетевой фастфуд за пределами Кембриджа,сетевой фастфуд за пределами Кембриджа,Burger King Peterborough,,,,,,—,
"служба, выпускники, ADC или музей — не в эту рубрику","служба, выпускники, ADC или музей — не в эту рубрику",Cambridge Schola: Vespers at Emmanuel,"пн, 12 октября, 20:30",Emmanuel College,центр,2.5,S048,В колледжах,https://www.admin.cam.ac.uk/whatson/detail.shtml?uid=7633db8c-4f99-4b02-b922-5579f5c847fd
"служба, выпускники, ADC или музей — не в эту рубрику","служба, выпускники, ADC или музей — не в эту рубрику",Family Supper – 16 October,"пт, 16 октября",Clare Hall,центр,2.5,S170,В колледжах,https://www.clarehall.cam.ac.uk/events/family-supper-16-october/
сокращено по длине выпуска (оценка 2.5),cut for issue length (score 2.5),Three Cheers for Pooh! Story trail,до 3 января 2027,Anglesey Abbey (National Trust),до 30 мин,2.5,S070,Главное на выходные 10–11 октября,https://www.nationaltrust.org.uk/visit/cambridgeshire/anglesey-abbey-gardens-and-lode-mill/events/5b107d31-66eb-4e96-af87-2804f8d2dde9
сокращено по длине выпуска (оценка 3),cut for issue length (score 3),Castles: Anarchy and Rebellion in Ely,до 31 января 2027,Ely Museum,до 30 мин,3.0,"S113,S180",Главное на выходные 10–11 октября,https://www.visitely.org.uk/whats-on/uncategorized/castles-anarchy-and-rebellion-in-ely/
сокращено по длине выпуска (оценка 3.3),cut for issue length (score 3.3),Grafham Water Trail Races,"вс, 11 октября","Marlow Park, Grafham Water, Grafham, Huntingdon, Cambridgeshire. PE28 0BH.",до часа,3.3,"S148,S152",Главное на выходные 10–11 октября,https://findarace.com/events/grafham-water-trail-races
сокращено по длине выпуска (оценка 4),cut for issue length (score 4),The Shires,"сб, 17 октября",St Nicholas Chapel,до часа,4.0,S128,Главное на выходные 17–18 октября,https://www.ents24.com/kings-lynn-events/st-nicholas-chapel/the-shires/7517778
сокращено по длине выпуска (оценка 4.3),cut for issue length (score 4.3),Hannah Sanders & Ben Savage with Jon Thorne | Cambridge Junction,"вс, 18 октября, 20:00",Cambridge Junction,центр,4.3,"S012,S151",Главное на выходные 17–18 октября,https://www.junction.co.uk/events/hannah-sanders-ben-savage-with-jon-thorne/
сокращено по длине выпуска (оценка 4.5),cut for issue length (score 4.5),"A Mughal Songbook: Art, Music and Empire",до 7 марта 2027,Fitzwilliam Museum,центр,4.5,"S001,S048,S050,S052",Главное на выходные 10–11 октября,https://fitzmuseum.cam.ac.uk/plan-your-visit/exhibitions/a-mughal-songbook-art-music-and-empire
сокращено по длине выпуска (оценка 4.6),cut for issue length (score 4.6),Shiny New Model Festival 2026 | Cambridge Junction,"сб, 10 октября, 13:00",Cambridge Junction,центр,4.6,"S012,S151",Главное на выходные 10–11 октября,https://www.junction.co.uk/events/shiny-new-model/
сокращено по длине выпуска (оценка 5.3),cut for issue length (score 5.3),Pasadena Roof Orchestra,"вс, 18 октября, 15:30",Saffron Hall,до 30 мин,5.3,S017,Главное на выходные 17–18 октября,https://www.saffronhall.com/whats-on/view/pasadena-roof-orchestra-3
сокращено по длине выпуска (оценка 5.7),cut for issue length (score 5.7),Breabach | Cambridge Junction,"ср, 14 октября, 20:00",Cambridge Junction,центр,5.7,"S012,S151","На неделе: концерты, театр, комедия",https://www.junction.co.uk/events/breabach/
сокращено по длине выпуска (оценка 6.2),cut for issue length (score 6.2),The Footlights Tour Show 2026: Prize Cow (for my best son),до 10 октября,ADC Theatre,центр,6.2,"S005,S042",Главное на выходные 10–11 октября,https://www.adctheatre.com/whats-on/comedy/footlights-tour-show-2026-prize-cow-for-my-best-son/
сокращено по длине выпуска (оценка 6.7),cut for issue length (score 6.7),Leo Sayer,"чт, 8 октября",King's Lynn Corn Exchange,до часа,6.7,S128,"На неделе: концерты, театр, комедия",https://www.ents24.com/kings-lynn-events/kings-lynn-corn-exchange/leo-sayer/7434217
сокращено: в рубрике больше 4 пунктов,сокращено: в рубрике больше 4 пунктов,Kevin 'Bloody' Wilson,"вт, 13 октября",King's Lynn Corn Exchange,до часа,5.1,S128,"На неделе: концерты, театр, комедия",https://www.ents24.com/kings-lynn-events/kings-lynn-corn-exchange/kevin-bloody-wilson/7389473
сокращено: в рубрике больше 4 пунктов,сокращено: в рубрике больше 4 пунктов,Spirited Away (Subbed) (25th Anniversary),"в прокате с сб, 10 октября",,,2.8,,С детьми,https://cambridge.thelight.co.uk/spirited-away-subbed-25th-anniversary
сокращено: в рубрике больше 4 пунктов,сокращено: в рубрике больше 4 пунктов,Queen Budapest,"сб, 10 октября, 19:00",The Light Cinema Cambridge,центр,2.5,S157,Главное на выходные 10–11 октября,https://cambridge.thelight.co.uk/queen-budapest
сокращено: в рубрике больше 5 пунктов,сокращено: в рубрике больше 5 пунктов,Olly Murs at Newmarket Nights,"пт, 25 июня 2027","July Course, Newmarket",до 30 мин,10.0,"S003,S116",Новые анонсы,https://www.huntspost.co.uk/news/26586199.olly-murs-headline-2027-newmarket-nights-series/
сокращено: в рубрике больше 5 пунктов,сокращено: в рубрике больше 5 пунктов,Simply Red at Newmarket Nights,"сб, 21 августа 2027","July Course, Newmarket",до 30 мин,10.0,"S003,S116,S148",Новые анонсы,https://thejockeyclub.co.uk/newmarket/events-tickets/newmarket-nights/simply-red
сокращено: в рубрике больше 5 пунктов,сокращено: в рубрике больше 5 пунктов,Simply Red,"сб, 21 августа 2027 · в продаже с 25 сентября",Newmarket,до 30 мин,10.0,"S003,S021,S128",Успейте купить билеты,https://www.thejockeyclub.co.uk/newmarket/events-tickets/newmarket-nights/simply-red/
сокращено: в рубрике больше 5 пунктов,сокращено: в рубрике больше 5 пунктов,Olly Murs at Newmarket Nights,"пт, 25 июня 2027","July Course, Newmarket",до 30 мин,10.0,"S003,S116",Успейте купить билеты,https://www.huntspost.co.uk/news/26586199.olly-murs-headline-2027-newmarket-nights-series/
сокращено: в рубрике больше 5 пунктов,сокращено: в рубрике больше 5 пунктов,Olly Murs,"пт, 25 июня 2027 · в продаже с 2 октября",Newmarket Racecourse,до 30 мин,8.4,S128,Успейте купить билеты,https://www.ents24.com/newmarket-events/newmarket-racecourse/olly-murs/7540370
статус cancelled,статус cancelled,THE SCAPEGOAT - The Brilliant Brief Life of the Duke of Buckingham (2026-10-14),,,,,,—,
уже есть строка от этого провайдера,уже есть строка от этого провайдера,U12 Girls Junior Hockey (years 6 & 7),,St Mary's & Homerton Sports Ground,центр,,,С детьми,https://cambridgesouthhockeyclub.co.uk/juniors/
уже есть строка от этого провайдера,уже есть строка от этого провайдера,U8 - U10 Junior Hockey (years 2 - 5),,Long Road Sixth Form College,центр,,,С детьми,https://cambridgesouthhockeyclub.co.uk/juniors/
уже есть строка от этого провайдера,уже есть строка от этого провайдера,U12 Boys Junior Hockey (years 6 & 7),,St Mary's & Homerton Sports Ground,центр,,,С детьми,https://cambridgesouthhockeyclub.co.uk/juniors/
уже есть строка от этого провайдера,уже есть строка от этого провайдера,U14 Girls Junior Hockey (years 8 & 9),,St Mary's & Homerton Sports Ground,центр,,,С детьми,https://cambridgesouthhockeyclub.co.uk/juniors/
уже есть строка от этого провайдера,уже есть строка от этого провайдера,Hip Hop,,"The Fen Ditton Hall, Cambridge; The Exning Community Church Hall, Suffolk",центр,,,С детьми,https://formationsdance.co.uk
уже есть строка от этого провайдера,уже есть строка от этого провайдера,Cheerleading,,"Colville Primary School, Cherry Hinton, Cambridge",до 30 мин,,,С детьми,https://formationsdance.co.uk
уже есть строка от этого провайдера,уже есть строка от этого провайдера,Ballet,,"The Fen Ditton Hall, Cambridge; Tuddenham St Mary Village Hall, Suffolk",центр,,,С детьми,https://formationsdance.co.uk
уже есть строка от этого провайдера,уже есть строка от этого провайдера,Lyrical,,"The Fen Ditton Hall, Cambridge",до 30 мин,,,С детьми,https://formationsdance.co.uk
уже есть строка от этого провайдера,уже есть строка от этого провайдера,Gymnastics,,"Colville Primary School, Cherry Hinton, Cambridge; Tuddenham St Mary Village Hall, Suffolk",центр,,,С детьми,https://formationsdance.co.uk
уже есть строка от этого провайдера,уже есть строка от этого провайдера,Acrobatics,,"The Fen Ditton Hall, Cambridge; The Exning Community Church Hall, Suffolk",центр,,,С детьми,https://formationsdance.co.uk
уже есть строка от этого провайдера,уже есть строка от этого провайдера,Jazz,,"The Fen Ditton Hall, Cambridge; The Exning Community Church Hall, Suffolk",центр,,,С детьми,https://formationsdance.co.uk
уже есть строка от этого провайдера,уже есть строка от этого провайдера,Hauxton Thursdays Dodgeball Age 5-8,,Hauxton Centre,до 30 мин,,,С детьми,https://gkfit.co.uk/daytime
уже есть строка от этого провайдера,уже есть строка от этого провайдера,Meadows Mondays Multisports Age 5-8,,Meadows Community Centre,центр,,,С детьми,https://gkfit.co.uk/daytime
уже есть строка от этого провайдера,уже есть строка от этого провайдера,Musical Theatre Dance,,Perse Upper School Performing Arts Centre,центр,,,С детьми,https://papa.perse.co.uk/dance
уже есть строка от этого провайдера,уже есть строка от этого провайдера,Mini Dancers,,Perse Upper School Performing Arts Centre,центр,,,С детьми,https://papa.perse.co.uk/dance
уже есть строка от этого провайдера,уже есть строка от этого провайдера,Senior Musical Theatre Dance,,Perse Upper School Performing Arts Centre,центр,,,С детьми,https://papa.perse.co.uk/dance
уже есть строка этого вида,уже есть строка этого вида,Street Dance & Hip Hop,,Multiple venues,центр,,,С детьми,http://stardustdanceacademy.com
уже есть строка этого вида,уже есть строка этого вида,Ballet & Jazz,,Northstowe Secondary College; Arbury Community Centre,центр,,,С детьми,https://stardustdanceacademy.com
уже есть строка этого вида,уже есть строка этого вида,Street Dance & Hip Hop,,Northstowe Secondary College; Arbury Community Centre,центр,,,С детьми,https://stardustdanceacademy.com
уже есть строка этого вида,уже есть строка этого вида,Ballet & Jazz,,Multiple venues,центр,,,С детьми,http://stardustdanceacademy.com
"узкий семинар, не публичная лекция","specialist seminar, not a public lecture","Materials from First Principles: from Pseudogaps to Agentic Campaigns - Nicola Marzari (University of Cambridge, École Polytechnique Fédérale de Lausanne)","ср, 14 октября, 16:15",Ray Dolby Auditorium,центр,3.5,S047,Лекции и встречи,https://talks.cam.ac.uk/talk/index/272982
"узкий семинар, не публичная лекция","specialist seminar, not a public lecture","Rethinking axion dark matter - Subir Sarkar, Oxford University","пт, 9 октября, 16:00",MR19 (Potter Room,центр,3.4,S047,Лекции и встречи,https://talks.cam.ac.uk/talk/index/273114
"узкий семинар, не публичная лекция","specialist seminar, not a public lecture",Mechanical and electrical properties of bacteria - Prof. Teuta Pilizota (Cambridge),"чт, 15 октября, 14:00",Seminar Room 3,центр,3.0,S047,Лекции и встречи,https://talks.cam.ac.uk/talk/index/244699
"узкий семинар, не публичная лекция","specialist seminar, not a public lecture",Can a Machine Discover Quantum Phases on Its Own? - Yuxuan Zhang,"чт, 8 октября, 14:00",Seminar Room 3,центр,2.6,S047,Лекции и встречи,https://talks.cam.ac.uk/talk/index/272605
"узкий семинар, не публичная лекция","specialist seminar, not a public lecture","The Genomic War Between the Sexes - Professor Mark Kirkpatrick from Department of Integrative Biology, University of Texas, Austin","чт, 15 октября, 14:00",Biffen Lecture theatre and Zoom,центр,2.6,S047,Лекции и встречи,https://talks.cam.ac.uk/talk/index/247258
"узкий семинар, не публичная лекция","specialist seminar, not a public lecture","Single Ion Implantation with Focused Ion Beam - Gianfranco Aresta, Ionoptika, Chandler's Ford, UK","чт, 15 октября, 15:00",Seminar Room West RDC (A0.015),центр,2.6,S047,Лекции и встречи,https://talks.cam.ac.uk/talk/index/272404
"узкий семинар, не публичная лекция","specialist seminar, not a public lecture","Research presentations by the preceding Cabinet convenors - Melissa Altinsoy and John Schaefer (HPS, University of Cambridge)","пн, 12 октября, 13:00",Seminar Room 1,центр,1.6,S047,Лекции и встречи,https://talks.cam.ac.uk/talk/index/273127
